Year,S.No,STATE,DISTRICT,AER_C,AER_C_NC,AER_PQ,AER_Tot,GWE_DOM_C,GWE_DOM_C_NC,GWE_DOM_PQ,GWE_DOM_Tot,GWE_IND_C,GWE_IND_C_NC,GWE_IND_PQ,GWE_IND_Tot,GWE_IRR_C,GWE_IRR_C_NC,GWE_IRR_PQ,GWE_IRR_Tot,EGWE
2024-25,1,ANDAMAN AND NICOBAR ISLANDS,N & M ANDAMAN,0,14875.42,0,14875.42,,262.063065,,262.063065,,83.24452468,,83.24452468,,0.804,,0.804,346.1115897
2024-25,2,ANDAMAN AND NICOBAR ISLANDS,NICOBAR,0,9911.13,313.56,10224.69,,88.2878425,3.151775,91.4396175,,0.945722795,0,0.945722795,,0.253,0,0.253,92.63834029
2024-25,3,ANDAMAN AND NICOBAR ISLANDS,SOUTH ANDAMAN,0,9717.96,0,9717.96,,322.8561875,,322.8561875,,13.6100975,,13.6100975,,10.647,,10.647,347.113285
2024-25,4,ARUNACHAL PRADESH,ANJAW,0,0,0,0,,,,0,,,,0,,,,0,0
2024-25,5,ARUNACHAL PRADESH,CHANGLANG,0,27096.75,0,27096.75,,182.8212785,,182.8212785,,0,,0,,64.8,,64.8,247.6212785
2024-25,6,ARUNACHAL PRADESH,DIBANG VALLEY,0,0,0,0,,,,0,,,,0,,,,0,0
2024-25,7,ARUNACHAL PRADESH,EAST KAMENG,0,15809.36,0,15809.36,,14.72256335,,14.72256335,,0,,0,,94.1,,94.1,108.8225634
2024-25,8,ARUNACHAL PRADESH,EAST SIANG,0,71985,0,71985,,64.39847205,,64.39847205,,4.2,,4.2,,110.42,,110.42,179.0184721
2024-25,9,ARUNACHAL PRADESH,KURUNG KUMEY,0,0,0,0,,,,0,,,,0,,,,0,0
2024-25,10,ARUNACHAL PRADESH,LOHIT,0,109376.97,0,109376.97,,230.9697005,,230.9697005,,8.4,,8.4,,34.36,,34.36,273.7297005
2024-25,11,ARUNACHAL PRADESH,LOWER DIBANG VALLEY,0,71662.94,0,71662.94,,31.62099573,,31.62099573,,0,,0,,216.5,,216.5,248.1209957
2024-25,12,ARUNACHAL PRADESH,LOWER SUBANSIRI,0,4485.54,0,4485.54,,22.94919798,,22.94919798,,0,,0,,16.83,,16.83,39.77919798
2024-25,13,ARUNACHAL PRADESH,PAPUM PARE,0,9593.23,0,9593.23,,108.0272287,,108.0272287,,25.29,,25.29,,15.36,,15.36,148.6772287
2024-25,14,ARUNACHAL PRADESH,TAWANG,0,0,0,0,,,,0,,,,0,,,,0,0
2024-25,15,ARUNACHAL PRADESH,TIRAP,0,7802.07,0,7802.07,,49.29362048,,49.29362048,,0,,0,,6.25,,6.25,55.54362048
2024-25,16,ARUNACHAL PRADESH,UPPER SIANG,0,0,0,0,,,,0,,,,0,,,,0,0
2024-25,17,ARUNACHAL PRADESH,UPPER SUBANSIRI,0,2429.81,0,2429.81,,3.73278565,,3.73278565,,0.9,,0.9,,16.64,,16.64,21.27278565
2024-25,18,ARUNACHAL PRADESH,WEST KAMENG,0,3017.04,0,3017.04,,11.52654305,,11.52654305,,0,,0,,1.64,,1.64,13.16654305
2024-25,19,ARUNACHAL PRADESH,WEST SIANG,0,5579.64,0,5579.64,,2.370355625,,2.370355625,,1.18,,1.18,,4.46,,4.46,8.010355625
2024-25,20,ASSAM,BAKSA,0,124570.51,0,124570.51,,2014.112239,,2014.112239,,3.16305,,3.16305,,2464.02,,2464.02,4481.295289
2024-25,21,ASSAM,BARPETA,0,84134.02,0,84134.02,,4057.503849,,4057.503849,,18.516708,,18.516708,,31337.28,,31337.28,35413.30056
2024-25,22,ASSAM,BONGAIGAON,0,45184.03,0,45184.03,,1702.767148,,1702.767148,,6.7986,,6.7986,,14360.544,,14360.544,16070.10975
2024-25,23,ASSAM,CACHAR,0,45780.28,0,45780.28,,1435.966603,,1435.966603,,0,,0,,0,,0,1435.966603
2024-25,24,ASSAM,CHIRANG,0,82094.02,0,82094.02,,955.5489518,,955.5489518,,5.58448,,5.58448,,1464.48,,1464.48,2425.613432
2024-25,25,ASSAM,DARRANG,0,49403.59,0,49403.59,,2149.597132,,2149.597132,,60.148975,,60.148975,,22453.2,,22453.2,24662.94611
2024-25,26,ASSAM,DHEMAJI,0,90320.29,0,90320.29,,1534.058288,,1534.058288,,7.071075,,7.071075,,2780.568,,2780.568,4321.697363
2024-25,27,ASSAM,DHUBRI,0,89765.61,0,89765.61,,4751.290523,,4751.290523,,28.2987,,28.2987,,22757.76,,22757.76,27537.34922
2024-25,28,ASSAM,DIBRUGARH,0,118196.86,0,118196.86,,2717.730563,,2717.730563,,84.33982838,,84.33982838,,2172.744,,2172.744,4974.814391
2024-25,29,ASSAM,DIMA HASAO,0,56590.29,0,56590.29,,239.1505116,,239.1505116,,1.188,,1.188,,43.2,,43.2,283.5385116
2024-25,30,ASSAM,GOALPARA,0,53393.2,0,53393.2,,2495.923594,,2495.923594,,43.68142,,43.68142,,14837.85,,14837.85,17377.45501
2024-25,31,ASSAM,GOLAGHAT,0,99320.89,0,99320.89,,2016.669585,,2016.669585,,121.9144583,,121.9144583,,3587.22,,3587.22,5725.804043
2024-25,32,ASSAM,HAILAKANDI,0,23098.97,0,23098.97,,545.2111063,,545.2111063,,0,,0,,0.81,,0.81,546.0211063
2024-25,33,ASSAM,JORHAT,0,64756.14,0,64756.14,,1399.579003,,1399.579003,,28.277698,,28.277698,,8834.022,,8834.022,10261.8787
2024-25,34,ASSAM,KAMRUP,0,78093.38,0,78093.38,,3595.589694,,3595.589694,,306.5900184,,306.5900184,,11056.392,,11056.392,14958.57171
2024-25,35,ASSAM,KAMRUP (M),0,15408.39,0,15408.39,,3621.65123,,3621.65123,,179.112234,,179.112234,,1429.758,,1429.758,5230.521464
2024-25,36,ASSAM,KARBI ANGLONG,0,117755.33,0,117755.33,,1974.933674,,1974.933674,,39.3998,,39.3998,,578.34,,578.34,2592.673474
2024-25,37,ASSAM,KARIMGANJ,0,35753.18,0,35753.18,,1348.538857,,1348.538857,,4.193,,4.193,,60.588,,60.588,1413.319857
2024-25,38,ASSAM,KOKRAJHAR,0,145008.5,0,145008.5,,1738.688944,,1738.688944,,5.4,,5.4,,7729.884,,7729.884,9473.972944
2024-25,39,ASSAM,LAKHIMPUR,0,73091.06,0,73091.06,,2468.0954,,2468.0954,,11.57484,,11.57484,,5328.666,,5328.666,7808.33624
2024-25,40,ASSAM,MORIGAON,0,37438.5,0,37438.5,,2362.003998,,2362.003998,,14.993178,,14.993178,,5565.888,,5565.888,7942.885176
2024-25,41,ASSAM,NAGAON,0,113614.14,0,113614.14,,1836.006639,,1836.006639,,102.950341,,102.950341,,38379.528,,38379.528,40318.48498
2024-25,42,ASSAM,NALBARI,0,33836.29,0,33836.29,,402.4156756,,402.4156756,,36.9035,,36.9035,,11058.768,,11058.768,11498.08718
2024-25,43,ASSAM,SIBSAGAR,0,88201.34,0,88201.34,,1774.231271,,1774.231271,,73.53563115,,73.53563115,,3797.55,,3797.55,5645.316902
2024-25,44,ASSAM,SONITPUR,0,137144.56,0,137144.56,,4063.052011,,4063.052011,,104.1187954,,104.1187954,,10060.47,,10060.47,14227.64081
2024-25,45,ASSAM,TINSUKIA,0,114753.5,0,114753.5,,2096.663104,,2096.663104,,68.68270857,,68.68270857,,8631.144,,8631.144,10796.48981
2024-25,46,ASSAM,UDALGURI,0,47710.65,0,47710.65,,1541.75208,,1541.75208,,62.6773653,,62.6773653,,4112.64,,4112.64,5717.069445
2024-25,47,BIHAR,ARARIA,88418.99,52762.72,0,141181.71,5911.03338,4753.22491,,10664.25829,117.2286,0,,117.2286,5845.158627,13598.0212,,19443.17983,30224.66672
2024-25,48,BIHAR,ARWAL,10788.41,8286.78,0,19075.19,2580.258365,0,,2580.258365,133.4466,0,,133.4466,3163.89612,4127.541016,,7291.437136,10005.1421
2024-25,49,BIHAR,AURANGABAD,86705.37,32048.34,0,118753.71,9451.498705,0,,9451.498705,2682.702,0,,2682.702,13964.02237,14760.84386,,28724.86624,40859.06694
2024-25,50,BIHAR,BANKA,20024.73,45438.13,0,65462.86,5194.730005,2109.79563,,7304.525635,104.967894,0,,104.967894,4780.27908,15872.00414,,20652.28322,28061.77675
2024-25,51,BIHAR,BEGUSARAI,1253.19,49400.17,0,50653.36,0,10004.03399,,10004.03399,0,78.4276776,,78.4276776,42.2994,24150.49583,,24192.79523,34275.2569
2024-25,52,BIHAR,BHAGALPUR,7297.29,64815.35,0,72112.64,1440.61631,5841.115878,,7281.732188,915.093,306,,1221.093,1231.244668,24029.52835,,25260.77301,33763.5982
2024-25,53,BIHAR,BHOJPUR,37011.95,43479.89,0,80491.84,4579.962695,4381.893839,,8961.856534,741.840186,0,,741.840186,8181.282354,22346.45562,,30527.73797,40231.43469
2024-25,54,BIHAR,BUXAR,31359.05,27008.17,0,58367.22,3929.605622,1482.63073,,5412.236352,275.68152,228.48,,504.16152,7466.568,14285.515,,21752.083,27668.48087
2024-25,55,BIHAR,DARBHANGA,5898.15,64524.03,0,70422.18,432.79145,12741.8188,,13174.61025,61.2,748.272,,809.472,664.092,26371.86376,,27035.95576,41020.03801
2024-25,56,BIHAR,EAST CHAMPARAN,106872.48,69790.69,0,176663.17,15229.90235,3731.51253,,18961.41488,7314.2568,18.36,,7332.6168,19477.94138,34622.84373,,54100.78512,80394.81679
2024-25,57,BIHAR,GAYA,20075.99,101528.76,0,121604.75,5243.6484,10346.69077,,15590.33917,1991.90802,57.79065,,2049.69867,4459.752,45504.00202,,49963.75402,67603.79186
2024-25,58,BIHAR,GOPALGANJ,57994.43,37688.22,0,95682.65,8663.306025,0,,8663.306025,523.31406,0,,523.31406,17856.2803,27747.5112,,45603.7915,54790.41159
2024-25,59,BIHAR,JAMUI,6502.59,38509.77,0,45012.36,6483.48624,0,,6483.48624,8.92755,6.12,,15.04755,550.1982,11722.53362,,12272.73182,18771.26561
2024-25,60,BIHAR,JEHANABAD,10856.82,20290.79,0,31147.61,2851.67565,802.195905,,3653.871555,5.237496,0,,5.237496,3581.613098,18307.05448,,21888.66758,25547.77663
2024-25,61,BIHAR,KAIMUR,30968.74,43684.88,0,74653.62,5061.866355,775.322415,,5837.18877,58.62501,3.7026,,62.32761,6901.2269,19901.29708,,26802.52398,32702.04036
2024-25,62,BIHAR,KATIHAR,23220.27,86201.97,0,109422.24,1599.45555,8977.781411,,10577.23696,67.518594,92.6568,,160.175394,3054.015352,33039.85225,,36093.8676,46831.27996
2024-25,63,BIHAR,KHAGARIA,534.32,43623.9,0,44158.22,,6064.374844,,6064.374844,,18.14376,,18.14376,,21693.26764,,21693.26764,27775.78624
2024-25,64,BIHAR,KISHANGANJ,545.09,62119.71,0,62664.8,,6113.958342,,6113.958342,,304.47,,304.47,,15636.7711,,15636.7711,22055.19944
2024-25,65,BIHAR,LAKHISARAI,16380.7,22382.57,0,38763.27,3390.41711,106.663585,,3497.080695,88.02396,0,,88.02396,2082.2668,6794.4972,,8876.764,12461.86866
2024-25,66,BIHAR,MADHEPURA,78757.73,19280.71,0,98038.44,7573.09373,0,,7573.09373,148.6752,0,,148.6752,18070.527,11059.858,,29130.385,36852.15393
2024-25,67,BIHAR,MADHUBANI,49670.33,81066.47,0,130736.8,7999.217725,7959.077215,,15958.29494,7956.612,932.688,,8889.3,5123.546048,30193.08342,,35316.62947,60164.22441
2024-25,68,BIHAR,MUNGER,14198.44,23635.13,0,37833.57,3114.82386,1419.06598,,4533.88984,14.56254,749.7,,764.26254,2873.2285,5820.447,,8693.6755,13991.82788
2024-25,69,BIHAR,MUZAFFARPUR,33949.83,77212.62,0,111162.45,8456.27477,7977.93275,,16434.20752,1377.3366,40.137,,1417.4736,6951.99744,47667.36173,,54619.35917,72471.04029
2024-25,70,BIHAR,NALANDA,8024.03,54252.33,0,62276.36,682.48138,8764.045952,,9446.527332,870.57,1170.235392,,2040.805392,1939.66244,33699.50491,,35639.16735,47126.50007
2024-25,71,BIHAR,NAWADA,11186.84,54774.58,0,65961.42,4571.282922,1515.542415,,6086.825337,84.3489,0.918,,85.2669,2285.63872,24388.75408,,26674.3928,32846.48504
2024-25,72,BIHAR,PATNA,19243.72,78786.09,0,98029.81,4496.453615,12565.38422,,17061.83784,1462.63716,0,,1462.63716,3120.781788,38102.6118,,41223.39359,59747.86859
2024-25,73,BIHAR,PURNEA,91574.46,62347.77,0,153922.23,8773.87073,2537.740975,,11311.61171,1049.274,2.652,,1051.926,15246.72924,30484.64313,,45731.37237,58094.91008
2024-25,74,BIHAR,ROHTAS,47788.13,66883.11,0,114671.24,7274.714917,2360.82292,,9635.537837,252.2205,0,,252.2205,7713.34804,17060.8415,,24774.18954,34661.94788
2024-25,75,BIHAR,SAHARSA,21097.79,42250.8,0,63348.59,5612.488784,746.37171,,6358.860494,67.31694,0,,67.31694,2252.412,14894.63,,17147.042,23573.21943
2024-25,76,BIHAR,SAMASTIPUR,3264.93,76693.07,0,79958,0,14809.3021,,14809.3021,23.46,246.126,,269.586,389.4,39180.44846,,39569.84846,54648.73656
2024-25,77,BIHAR,SARAN,58989.18,41806.42,0,100795.6,11638.90377,1497.558865,,13136.46264,177.38004,0,,177.38004,11994.2566,17160.4245,,29154.6811,42468.52378
2024-25,78,BIHAR,SHEIKHPURA,2370.32,14602.83,0,16973.15,593.626145,1517.986017,,2111.612162,2.448,0,,2.448,349.008,7521.624,,7870.632,9984.692162
2024-25,79,BIHAR,SHEOHAR,6434.49,10008.88,0,16443.37,2383.62885,0,,2383.62885,184.62204,0,,184.62204,1793.88,4702.896,,6496.776,9065.02689
2024-25,80,BIHAR,SITAMARHI,1792.42,64074.41,0,65866.83,,12133.47286,,12133.47286,,89.76,,89.76,,18463.19112,,18463.19112,30686.42398
2024-25,81,BIHAR,SIWAN,54569.99,42008.66,0,96578.65,11107.79242,0,,11107.79242,223.1899128,0,,223.1899128,13139.33886,27882.14367,,41021.48253,52352.46486
2024-25,82,BIHAR,SUPAUL,52902.06,48545.53,0,101447.59,7041.398522,923.10106,,7964.499582,62.526,10.2,,72.726,4263.79468,21210.99652,,25474.7912,33512.01678
2024-25,83,BIHAR,VAISHALI,25121.68,47774.85,0,72896.53,4428.965649,7526.928895,,11955.89454,1063.4418,1245.114,,2308.5558,6985.086768,25147.8886,,32132.97537,46397.42571
2024-25,84,BIHAR,WEST CHAMPARAN,100290.53,68572.17,0,168862.7,10880.61109,3807.840965,,14688.45206,4349.28,134.64,,4483.92,12078.55972,22012.60448,,34091.1642,53263.53626
2024-25,85,CHANDIGARH,CHANDIGARH,0,4693.75,0,4693.75,,2438.209213,,2438.209213,,218.178,,218.178,,550.5,,550.5,3206.887213
2024-25,86,CHHATTISGARH,BALOD,22369.42,14247.8,0,36617.22,776.38128,1514.70328,,2291.08456,10,74.7558,,84.7558,17430.27599,6783.171099,,24213.44709,26589.28745
2024-25,87,CHHATTISGARH,BALODA BAZAR,41340.28,19996.67,0,61336.95,1844.06541,2821.73251,,4665.79792,0,1219.553425,,1219.553425,11937.61784,9066.008964,,21003.62681,26888.97815
2024-25,88,CHHATTISGARH,BALRAMPUR,2702.23,46023.81,0,48726.04,60.98931,2049.580485,,2110.569795,0,19.4113,,19.4113,552.779119,11274.04711,,11826.82623,13956.80732
2024-25,89,CHHATTISGARH,BASTAR,810.06,24706.39,0,25516.45,34.00632,2298.13636,,2332.14268,0,79.9575,,79.9575,61.09602489,7367.296059,,7428.392084,9840.492264
2024-25,90,CHHATTISGARH,BEMETARA,18075.59,24728.25,0,42803.84,472.0764,2061.85872,,2533.93512,0,255.66125,,255.66125,14383.1049,22342.69877,,36725.80367,39515.40004
2024-25,91,CHHATTISGARH,BIJAPUR,38.98,47029.99,0,47068.97,0.13359,689.145915,,689.279505,0,2.489,,2.489,1.54,4537.19248,,4538.73248,5230.500985
2024-25,92,CHHATTISGARH,BILASPUR,20813.14,26161.83,0,46974.97,825.17886,5024.47247,,5849.65133,0,692.90125,,692.90125,6855.778268,15684.96863,,22540.7469,29083.29948
2024-25,93,CHHATTISGARH,DANTEWADA,61.6,25059.16,0,25120.76,0.12045,788.90881,,789.02926,0,158.4453,,158.4453,0,3870.761284,,3870.761284,4818.235844
2024-25,94,CHHATTISGARH,DHAMTARI,45598.02,16715.15,0,62313.17,697.51281,1441.969,,2139.48181,0,103.6823,,103.6823,30959.63901,12878.78901,,43838.42802,46081.59213
2024-25,95,CHHATTISGARH,DURG,20614.31,18291.24,0,38905.55,529.94277,4493.20475,,5023.14752,0,438.424725,,438.424725,10780.40106,13313.7948,,24094.19585,29555.7681
2024-25,96,CHHATTISGARH,GARIABAND,11734.69,22243.89,0,33978.58,302.7675,1458.25968,,1761.02718,0,26.46115,,26.46115,7375.466397,12212.909,,19588.37539,21375.86372
2024-25,97,CHHATTISGARH,GOURELA-PENDRA-MARWAHI,1764.14,11048.24,0,12812.38,75.1827,1103.441355,,1178.624055,0,1.9455,,1.9455,383.79,3709.48,,4093.27,5273.839555
2024-25,98,CHHATTISGARH,JANJGIR-CHAMPA,35111.3,8989.46,0,44100.76,1367.18415,1548.948675,,2916.132825,0,235.01853,,235.01853,3789.317483,4396.339698,,8185.657181,11336.80854
2024-25,99,CHHATTISGARH,JASHPUR,1387.61,32461.76,0,33849.37,40.83912,2230.29235,,2271.13147,0,39.37425,,39.37425,214.9995418,15203.741,,15418.74054,17729.24626
2024-25,100,CHHATTISGARH,KABIRDHAM,26761.92,39085.16,0,65847.08,205.88409,2427.48579,,2633.36988,0,88.34902,,88.34902,6374.0363,30034.9963,,36409.0326,39130.7515
2024-25,101,CHHATTISGARH,KANKER,5661.04,60542.32,0,66203.36,62.01642,2024.978025,,2086.994445,0,34.275,,34.275,571.25,23369.56,,23940.81,26062.07945
2024-25,102,CHHATTISGARH,KHAIRAGARH-CHHUIKHADAN_GANDAI,7136.68,10838.95,0,17975.63,142.95006,962.957235,,1105.907295,0,11.8215,,11.8215,2790.7969,7466.0337,,10256.8306,11374.5594
2024-25,103,CHHATTISGARH,KONDAGAON,1888.67,34139.9,0,36028.57,52.341,1558.093385,,1610.434385,0,22.3005,,22.3005,1399.04,13257.2008,,14656.2408,16288.97569
2024-25,104,CHHATTISGARH,KORBA,1476.31,45520.78,0,46997.09,34.76187,3675.937265,,3710.699135,0,2541.7292,,2541.7292,711.3465,9804.6574,,10516.0039,16768.43224
2024-25,105,CHHATTISGARH,KOREA,4539.72,9663.02,0,14202.74,43.46055,626.800265,,670.260815,0,392.74365,,392.74365,1090.2812,4863.2352,,5953.5164,7016.520865
2024-25,106,CHHATTISGARH,MAHASAMUND,41163.09,52942.59,0,94105.68,352.23303,2612.418515,,2964.651545,0,160.5205,,160.5205,14735.9746,39027.8491,,53763.8237,56888.99575
2024-25,107,CHHATTISGARH,MANENDRAGARH-CHIRMIRI_BHARATPUR,3149.95,44116.05,0,47266,35.69919,1077.726375,,1113.425565,0,771.054865,,771.054865,894.206,7124.3297,,8018.5357,9903.01613
2024-25,108,CHHATTISGARH,MOHLA-MANPUR_AMBAGARHCHOWKI,1810.78,13333.61,0,15144.39,29.9373,721.83787,,751.77517,0,31.5,,31.5,1638.6765,3394.8084,,5033.4849,5816.76007
2024-25,109,CHHATTISGARH,MUNGELI,14156.9,10357.79,0,24514.69,456.74859,1514.277325,,1971.025915,0,31.3487,,31.3487,3094.45,6222.602,,9317.052,11319.42662
2024-25,110,CHHATTISGARH,NARAYANPUR,582.83,24658.53,0,25241.36,7.31898,391.43111,,398.75009,0,10.65,,10.65,35.2,2176.74,,2211.94,2621.34009
2024-25,111,CHHATTISGARH,RAIGARH,3197.28,35902.99,0,39100.27,115.59915,3077.535825,,3193.134975,0,2790.523535,,2790.523535,424.9327,10717.6497,,11142.5824,17126.24091
2024-25,112,CHHATTISGARH,RAIPUR,28450.23,17815.02,0,46265.25,1048.23693,6507.67917,,7555.9161,0,2176.17933,,2176.17933,12306.2538,5732.6553,,18038.9091,27771.00453
2024-25,113,CHHATTISGARH,RAJNANDGAON,10579.07,25649.45,0,36228.52,302.82006,3011.38943,,3314.20949,0,242.280935,,242.280935,6681.5374,14167.744,,20849.2814,24405.77183
2024-25,114,CHHATTISGARH,SAKTI,21390.5,8275.76,0,29666.26,808.01802,1168.68036,,1976.69838,0,11.0069,,11.0069,5986.286555,6328.010145,,12314.2967,14302.00198
2024-25,115,CHHATTISGARH,SARANGARH-BILAIRAGH,8569.32,13980.4,0,22549.72,317.60913,1569.666075,,1887.275205,0,59.81785,,59.81785,681.546241,6336.444718,,7017.990959,8965.084014
2024-25,116,CHHATTISGARH,SUKMA,229.75,41537.44,0,41767.19,1.06872,625.211055,,626.279775,0,2.116,,2.116,0,1756.635,,1756.635,2385.030775
2024-25,117,CHHATTISGARH,SURAJPUR,3118.21,34910.18,0,38028.39,112.38204,2109.422965,,2221.805005,0,1556.1366,,1556.1366,1689.7671,19001.8948,,20691.6619,24469.60351
2024-25,118,CHHATTISGARH,SURGUJA,4761.34,34847.41,0,39608.75,203.232,2161.453715,,2364.685715,0,1193.48385,,1193.48385,1613.3236,14624.0272,,16237.3508,19795.52037
2024-25,119,DADRA AND NAGAR HAVELI,DADRA NAGAR HAVELI,4198.78,4897,0,9095.78,257.85,1034.55,,1292.4,99.7,897.93,,997.63,178.98,709.64,,888.62,3178.65
2024-25,120,DAMAN AND DIU,DAMAN,2409.83,0,0,2409.83,731.134566,,0,731.134566,507,,0,507,215.1,,0,215.1,1453.234566
2024-25,121,DAMAN AND DIU,DIU,177.48,0,0,177.48,28.45029,,0,28.45029,22.7,,0,22.7,42.2,,0,42.2,93.35029
2024-25,122,DELHI,CENTRAL,0,2310.29,0,2310.29,,1498.4748,,1498.4748,,0,,0,,248.57,,248.57,1747.0448
2024-25,123,DELHI,EAST,0,1501.49,0,1501.49,,1328.588237,,1328.588237,,0.2,,0.2,,118.99,,118.99,1447.778237
2024-25,124,DELHI,NAZUL LAND,0,514.28,0,514.28,,105.12,,105.12,,0,,0,,232.8,,232.8,337.92
2024-25,125,DELHI,NEW DELHI,0,2726.07,0,2726.07,,2670.580784,,2670.580784,,2.2,,2.2,,686.8693167,,686.8693167,3359.650101
2024-25,126,DELHI,NORTH,0,4252.06,0,4252.06,,3247.697,,3247.697,,50.308,,50.308,,491.8038,,491.8038,3789.8088
2024-25,127,DELHI,NORTH EAST,0,1632.23,0,1632.23,,1575.659315,,1575.659315,,0,,0,,154.723,,154.723,1730.382315
2024-25,128,DELHI,NORTH WEST,0,3486.13,0,3486.13,,1747.985,,1747.985,,0.56,,0.56,,511.320375,,511.320375,2259.865375
2024-25,129,DELHI,SHAHDARA,0,1485.55,0,1485.55,,1328.023492,,1328.023492,,0.5,,0.5,,338.427,,338.427,1666.950492
2024-25,130,DELHI,SOUTH,0,4074.53,0,4074.53,,3503.628988,,3503.628988,,0,,0,,709.8975,,709.8975,4213.526488
2024-25,131,DELHI,SOUTH EAST,0,2397.71,0,2397.71,,1883.037302,,1883.037302,,12.74,,12.74,,220.1652,,220.1652,2115.942502
2024-25,132,DELHI,SOUTH WEST,0,6641.81,0,6641.81,,1906.7235,,1906.7235,,0,,0,,3981.46,,3981.46,5888.1835
2024-25,133,DELHI,WEST,0,3535,0,3535,,2538.545402,,2538.545402,,0.6,,0.6,,731.977,,731.977,3271.122402
2024-25,134,GOA,GOA NORTH,3060.48,10135.87,0,13196.35,288.3512228,1535.606538,,1823.957761,21.3077,84.241,,105.5487,194.67,1480.68,,1675.35,3604.856461
2024-25,135,GOA,SOUTH GOA,2232.42,15072.57,0,17304.99,203.234336,1995.41861,,2198.652946,31.75431,343.68323,,375.43754,73.17,853.2,,926.37,3500.460486
2024-25,136,GUJARAT,AHMEDABAD,42258.26,0,472109.66,514367.92,6896.910321,,2148.199589,9045.10991,3489.56584,,0,3489.56584,24586.2,,42485.4,67071.6,79606.27575
2024-25,137,GUJARAT,AMRELI,144664.55,0,1748.42,146412.97,1216.97954,,37.41666197,1254.396202,73.64643,,0,73.64643,81614.4,,1359.4,82973.8,84301.84263
2024-25,138,GUJARAT,ANAND,110794.74,0,15518.21,126312.95,3626.22869,,518.8754292,4145.104119,2623.69568,,0,2623.69568,26367.9,,4260.4,30628.3,37397.0998
2024-25,139,GUJARAT,ARVALLI,86429.06,0,0,86429.06,2089.119963,,,2089.119963,25.051775,,,25.051775,35907.6,,,35907.6,38021.77174
2024-25,140,GUJARAT,BANASKANTHA,118909.66,0,57014.14,175923.8,4343.006993,,866.9237417,5209.930735,41.79299,,0,41.79299,140057.2,,44688.15,184745.35,189997.0737
2024-25,141,GUJARAT,BHARUCH,63557.66,0,24637.27,88194.93,1857.286425,,626.2959274,2483.582353,1339.772865,,0,1339.772865,14124.7,,3579,17703.7,21527.05522
2024-25,142,GUJARAT,BHAVNAGAR,106253.72,0,13772.22,120025.94,3237.45063,,726.2222803,3963.67291,79.120035,,0,79.120035,44384.8,,5177.2,49562,53604.79295
2024-25,143,GUJARAT,BOTAD,43035.49,0,6615.71,49651.2,919.7673019,,113.6231585,1033.39046,16.58125,,0,16.58125,23708.1,,3905.2,27613.3,28663.27171
2024-25,144,GUJARAT,CHHOTA UDEPUR,56983.89,0,0,56983.89,2264.803198,,,2264.803198,1.1315,,,1.1315,23578.4,,,23578.4,25844.3347
2024-25,145,GUJARAT,DAHOD,34036.87,0,0,34036.87,2360.333076,,,2360.333076,3.3065,,,3.3065,11500.8,,,11500.8,13864.43958
2024-25,146,GUJARAT,DANG,31191.34,0,0,31191.34,502.8530033,,,502.8530033,1.2775,,,1.2775,3451.7,,,3451.7,3955.830503
2024-25,147,GUJARAT,DEVBHUMI DWARKA,43593.3,0,5026.28,48619.58,1600.119325,,100.3591156,1700.478441,100.281703,,0,100.281703,28955.7,,2957.7,31913.4,33714.16014
2024-25,148,GUJARAT,GANDHINAGAR,57791.12,0,1603.13,59394.25,1365,,,1365,926.1433,,,926.1433,62018,,,62018,64309.1433
2024-25,149,GUJARAT,GIR SOMNATH,70296.46,0,4291.02,74587.48,3032.202891,,28.89139707,3061.094288,77.0004,,0,77.0004,31369.5,,1458,32827.5,35965.59469
2024-25,150,GUJARAT,JAMNAGAR,130650.96,0,5255.16,135906.12,2453.553332,,95.68954332,2549.242875,46.4186,,0,46.4186,54491.6,,4340.4,58832,61427.66147
2024-25,151,GUJARAT,JUNAGADH,150807.86,0,9953.88,160761.74,3197.183617,,135.978083,3333.1617,79.28375,,0,79.28375,68228.65,,5580.3,73808.95,77221.39545
2024-25,152,GUJARAT,KACHCHH,89915.86,0,103040.13,192955.99,1107.091679,,2491.860282,3598.951961,1076.962405,,0,1076.962405,44383.5,,69418.9,113802.4,118478.3144
2024-25,153,GUJARAT,KHEDA,79362.14,0,9934.34,89296.48,2919.857817,,348.4246021,3268.282419,631.14988,,0,631.14988,29308.7,,7220.5,36529.2,40428.6323
2024-25,154,GUJARAT,MAHESANA,74550.7,0,185619.71,260170.41,1463.8468,,481.3060909,1945.152891,942.022601,,0,942.022601,78663.2,,32840.9,111504.1,114391.2755
2024-25,155,GUJARAT,MAHISAGAR,30719.91,0,0,30719.91,917.7063179,,,917.7063179,12.68302,,,12.68302,14594,,,14594,15524.38934
2024-25,156,GUJARAT,MORBI,67620.3,0,14429.58,82049.88,1488.010224,,179.7992192,1667.809444,192.058045,,0,192.058045,33312,,6288.9,39600.9,41460.76749
2024-25,157,GUJARAT,NARMADA,38657.36,0,0,38657.36,552.6741975,,,552.6741975,5.402,,,5.402,25284.1,,,25284.1,25842.1762
2024-25,158,GUJARAT,NAVSARI,77165.39,0,97.06,77262.45,2711.807334,,,2711.807334,275.876218,,,275.876218,21009.6,,,21009.6,23997.28355
2024-25,159,GUJARAT,PANCHMAHAL,54298.11,0,0,54298.11,1563.741613,,,1563.741613,374.51346,,,374.51346,12748.3,,,12748.3,14686.55507
2024-25,160,GUJARAT,PATAN,37610.31,0,66193.13,103803.44,938.1960948,,543.458138,1481.654233,29.1494,,0,29.1494,43628.575,,25978.925,69607.5,71118.30363
2024-25,161,GUJARAT,PORBANDAR,21446.52,0,14194.34,35640.86,527.1731371,,367.1048309,894.277968,221.740055,,0,221.740055,11376.1,,8307.1,19683.2,20799.21802
2024-25,162,GUJARAT,RAJKOT,169025.48,0,0,169025.48,2596.28051,,0,2596.28051,519.887935,,0,519.887935,108251.1,,1675.6,109926.7,113042.8684
2024-25,163,GUJARAT,RANA AND KUTCH,0,0,0,0,,,,0,,,,,,,,,0
2024-25,164,GUJARAT,SABARKANTHA,76631.54,0,0,76631.54,2083.815012,,,2083.815012,271.52165,,,271.52165,55362.62,,,55362.62,57717.95666
2024-25,165,GUJARAT,SURAT,134748.37,0,8986.3,143734.67,19560.11875,,176.1804239,19736.29917,3077.680954,,0,3077.680954,34099.9,,2177.6,36277.5,59091.48013
2024-25,166,GUJARAT,SURENDRANAGAR,75679.81,0,141754.52,217434.33,1292.529176,,1567.889868,2860.419043,116.45847,,0,116.45847,37760.6,,23769.6,61530.2,64507.07751
2024-25,167,GUJARAT,TAPI,71235.27,0,0,71235.27,509.9787808,,,509.9787808,61.225255,,,61.225255,25850.3,,,25850.3,26421.50404
2024-25,168,GUJARAT,VADODARA,101350.31,0,18694.57,120044.88,6680.572269,,,6680.572269,2380.73818,,,2380.73818,58365,,,58365,67426.31045
2024-25,169,GUJARAT,VALSAD,69397.12,0,10.05,69407.17,4441.559236,,,4441.559236,717.884941,,,717.884941,16558.1,,,16558.1,21717.54418
2024-25,170,HARYANA,AMBALA,38743.1,0,0,38743.1,7008.68,,,7008.68,7575,,,7575,35843.79,,,35843.79,50427.47
2024-25,171,HARYANA,BHIWANI,39084.92,0,0,39084.92,2047.6,,0,2047.6,1993.2,,0,1993.2,39303.23,,14219.4,53522.63,57563.43
2024-25,172,HARYANA,CHARKHI DADRI,17419.14,0,0,17419.14,1253.5,,0,1253.5,28,,0,28,23033.78,,1868.13,24901.91,26183.41
2024-25,173,HARYANA,FARIDABAD,13642.38,0,0,13642.38,4449.75,,0,4449.75,5160,,0,5160,14315.625,,998.4,15314.025,24923.775
2024-25,174,HARYANA,FATEHABAD,59223.82,0,0,59223.82,2002.14,,0,2002.14,98.2,,0,98.2,103258.338,,0,103258.338,105358.678
2024-25,175,HARYANA,GURGAON,22591.43,0,0,22591.43,5191.761,,0,5191.761,17142.51,,0,17142.51,21627.7,,0,21627.7,43961.971
2024-25,176,HARYANA,HISAR,66085.71,0,0,66085.71,366.2,,0,366.2,230.22,,0,230.22,47455.68,,3617.25,51072.93,51669.35
2024-25,177,HARYANA,JHAJJAR,45688.38,0,0,45688.38,450.63,,0,450.63,115,,0,115,22095.52,,702,22797.52,23363.15
2024-25,178,HARYANA,JIND,68244.35,0,0,68244.35,1474.8,,0,1474.8,810.308,,0,810.308,77049.02,,10799.68,87848.7,90133.808
2024-25,179,HARYANA,KAITHAL,41841.37,0,0,41841.37,3400.892,,0,3400.892,633.75,,0,633.75,78374.455,,0,78374.455,82409.097
2024-25,180,HARYANA,KARNAL,105936.46,0,0,105936.46,8227.47,,0,8227.47,3292.4,,0,3292.4,172316.9585,,0,172316.9585,183836.8285
2024-25,181,HARYANA,KURUKSHETRA,37850.67,0,0,37850.67,4220,,,4220,12575.88,,,12575.88,68570.885,,,68570.885,85366.765
2024-25,182,HARYANA,MAHENDRAGARH,19806.38,0,0,19806.38,4977.12,,0,4977.12,31.08,,0,31.08,26058.84,,0,26058.84,31067.04
2024-25,183,HARYANA,MEWAT,17417.06,0,0,17417.06,2078.98,,0,2078.98,23.53,,0,23.53,10492.3187,,3714.96,14207.2787,16309.7887
2024-25,184,HARYANA,PALWAL,40387.35,0,0,40387.35,2282.83,,0,2282.83,732.5,,0,732.5,34136.58,,0,34136.58,37151.91
2024-25,185,HARYANA,PANCHKULA,13446,0,0,13446,1143.18,,,1143.18,90,,,90,7111.49,,,7111.49,8344.67
2024-25,186,HARYANA,PANIPAT,47360.25,0,0,47360.25,2501.18,,0,2501.18,2016,,0,2016,98651.3225,,1605.12,100256.4425,104773.6225
2024-25,187,HARYANA,REWARI,26482.73,0,0,26482.73,2224.82,,0,2224.82,1452,,0,1452,31590.68,,110.4,31701.08,35377.9
2024-25,188,HARYANA,ROHTAK,32903.05,0,0,32903.05,553.75,,0,553.75,166.06,,0,166.06,15335.06,,6568.6,21903.66,22623.47
2024-25,189,HARYANA,SIRSA,60874.51,0,0,60874.51,2346.38,,0,2346.38,266.07,,0,266.07,94616.36,,54049.11,148665.47,151277.92
2024-25,190,HARYANA,SONIPAT,62183.27,0,0,62183.27,8951.354,,0,8951.354,939.29,,0,939.29,57721.2875,,1759.5,59480.7875,69371.4315
2024-25,191,HARYANA,YAMUNA NAGAR,52900.48,0,0,52900.48,5072.96,,,5072.96,2340,,,2340,63043.94,,,63043.94,70456.9
2024-25,192,HIMACHAL PRADESH,BALH VALLEY,206.22,2244.21,0,2450.43,,828.66,,828.66,,0,,0,,314.55,,314.55,1143.21
2024-25,193,HIMACHAL PRADESH,CHAUNTRA VALLEY,0,4703.14,0,4703.14,,133.76,,133.76,,0,,0,,0,,0,133.76
2024-25,194,HIMACHAL PRADESH,DHARAMSHALA PALAMPUR VALLEY,0,12324.36,0,12324.36,,3279.47,,3279.47,,0,,0,,1.25,,1.25,3280.72
2024-25,195,HIMACHAL PRADESH,HUM VALLEY,0,669.18,0,669.18,,103.94,,103.94,,6.14,,6.14,,302.45,,302.45,412.53
2024-25,196,HIMACHAL PRADESH,KALA AMB VALLEY,0,1831.89,0,1831.89,,191.95,,191.95,,374.71,,374.71,,95.88,,95.88,662.54
2024-25,197,HIMACHAL PRADESH,NALAGARH VALLEY,0,14519.16,0,14519.16,,1250.88,,1250.88,,5953.38,,5953.38,,2730.96,,2730.96,9935.22
2024-25,198,HIMACHAL PRADESH,NURPUR & INDAURA vALLEY,0,37709.33,0,37709.33,,2550.87,,2550.87,,40.71,,40.71,,6550.23,,6550.23,9141.81
2024-25,199,HIMACHAL PRADESH,POANTA VALLEY,0,7792.68,0,7792.68,,935.23,,935.23,,169.17,,169.17,,711.66,,711.66,1816.06
2024-25,200,HIMACHAL PRADESH,UNA VALLEY BEAS CATCHMENT,0,958.97,0,958.97,,132.24,,132.24,,2.01,,2.01,,149.72,,149.72,283.97
2024-25,201,HIMACHAL PRADESH,UNA VALLEY SUTLEJ CATCHMENT,0,17783.89,0,17783.89,,3283.06,,3283.06,,157.86,,157.86,,8540.22,,8540.22,11981.14
2024-25,202,JAMMU AND KASHMIR,Anantnag,4591.93,5393.85,0,9985.78,652.24,1307.636,,1959.876,0,37.8,,37.8,168.32,200.932,,369.252,2366.928
2024-25,203,JAMMU AND KASHMIR,Bandipora,95.19,4176.92,0,4272.11,,660.861,,660.861,,1.08,,1.08,,11.2036,,11.2036,673.1446
2024-25,204,JAMMU AND KASHMIR,Baramulla,0,9834.88,0,9834.88,,1846.323,,1846.323,,5.4,,5.4,,364.117,,364.117,2215.84
2024-25,205,JAMMU AND KASHMIR,Barmulla,0,0,0,0,,,,0,,,,0,,,,0,0
2024-25,206,JAMMU AND KASHMIR,Budgam,0,4742.16,0,4742.16,,1212.714,,1212.714,,5.4,,5.4,,106.4342,,106.4342,1324.5482
2024-25,207,JAMMU AND KASHMIR,Doda,0,935.94,0,935.94,,170.325,,170.325,,5.4,,5.4,,16.8054,,16.8054,192.5304
2024-25,208,JAMMU AND KASHMIR,Ganderbal,0,970.82,0,970.82,,245.268,,245.268,,10.426,,10.426,,190.4612,,190.4612,446.1552
2024-25,209,JAMMU AND KASHMIR,Jammu,17629.61,23521.22,0,41150.83,4101.426,3631.329,,7732.755,0,719.394,,719.394,3176.2206,2011.0462,,5187.2668,13639.4158
2024-25,210,JAMMU AND KASHMIR,Kathua,9291.8,21412.97,0,30704.77,1750.941,1962.144,,3713.085,0,641.199,,641.199,1786.9742,1204.387,,2991.3612,7345.6452
2024-25,211,JAMMU AND KASHMIR,Kishtwar,0,1188.86,0,1188.86,,150.5,,150.5,,4.32,,4.32,,31.5,,31.5,186.32
2024-25,212,JAMMU AND KASHMIR,Kulgam,0,6112.2,0,6112.2,,1067.78,,1067.78,,29.16,,29.16,,157.8,,157.8,1254.74
2024-25,213,JAMMU AND KASHMIR,Kupwara,0,0,0,0,,,,0,,,,0,,,,0,0
2024-25,214,JAMMU AND KASHMIR,Kupwarar,0,5586.49,0,5586.49,,1171.836,,1171.836,,10.8,,10.8,,16.8054,,16.8054,1199.4414
2024-25,215,JAMMU AND KASHMIR,Mirpur,0,0,0,0,,,,0,,,,0,,,,0,0
2024-25,216,JAMMU AND KASHMIR,Muzaffarabad,0,0,0,0,,,,0,,,,0,,,,0,0
2024-25,217,JAMMU AND KASHMIR,Poonch,0,4622.86,0,4622.86,,444.5,,444.5,,5.4,,5.4,,332.5,,332.5,782.4
2024-25,218,JAMMU AND KASHMIR,Pulwama,0,5210.82,0,5210.82,,1492.047,,1492.047,,15.12,,15.12,,481.7548,,481.7548,1988.9218
2024-25,219,JAMMU AND KASHMIR,Rajouri,1647.37,14365.18,0,16012.55,343,885.5,,1228.5,0,5.4,,5.4,119,668.5,,787.5,2021.4
2024-25,220,JAMMU AND KASHMIR,Ramban,0,665.88,0,665.88,,147,,147,,5.4,,5.4,,59.5,,59.5,211.9
2024-25,221,JAMMU AND KASHMIR,Reasi,586.98,21265.3,0,21852.28,183.951,1819.071,,2003.022,0,36.491,,36.491,0,364.117,,364.117,2403.63
2024-25,222,JAMMU AND KASHMIR,Samba,3183.9,12398.34,0,15582.24,613.17,1526.112,,2139.282,0,156.39,,156.39,319.3026,112.036,,431.3386,2727.0106
2024-25,223,JAMMU AND KASHMIR,Shopian,0,4748.18,0,4748.18,,869.76,,869.76,,27,,27,,129.6,,129.6,1026.36
2024-25,224,JAMMU AND KASHMIR,Srinagar,0,12288.16,0,12288.16,,6574.7,,6574.7,,328.419,,328.419,,44.8144,,44.8144,6947.9334
2024-25,225,JAMMU AND KASHMIR,Srinagar Hilly Area,0,0,0,0,,,,0,,,,0,,,,0,0
2024-25,226,JAMMU AND KASHMIR,Udhampur,1966.02,9020.34,0,10986.36,306.585,1464.795,,1771.38,0,119.899,,119.899,0,464.9494,,464.9494,2356.2284
2024-25,227,JHARKHAND,BOKARO,0,18726.86,0,18726.86,0,4563.809602,,4563.809602,0,2213.90785,,2213.90785,0,2413,,2413,9190.717452
2024-25,228,JHARKHAND,CHATRA,0.18,23461.79,0,23461.97,0,2093.093595,,2093.093595,0,1115.224763,,1115.224763,0,6531,,6531,9739.318358
2024-25,229,JHARKHAND,DEOGHAR,0,15910.72,0,15910.72,0,3077.806673,,3077.806673,0,87.6626,,87.6626,0,5460.625,,5460.625,8626.094273
2024-25,230,JHARKHAND,DHANBAD,0.81,26370.7,0,26371.51,0,6079.010924,,6079.010924,0,10628.11025,,10628.11025,0,2974,,2974,19681.12117
2024-25,231,JHARKHAND,DUMKA,87.31,26825.16,0,26912.47,0,2657.304664,,2657.304664,0,23.615625,,23.615625,0,3742.25,,3742.25,6423.170289
2024-25,232,JHARKHAND,EAST SINGHBHUM,0,25778.08,0,25778.08,0,5165.515989,,5165.515989,0,758.044075,,758.044075,0,1860,,1860,7783.560064
2024-25,233,JHARKHAND,GARHWA,4.69,24716.03,0,24720.72,0,2525.257519,,2525.257519,0,60.529,,60.529,0,7326.875,,7326.875,9912.661519
2024-25,234,JHARKHAND,GIRIDIH,11.51,34514.04,0,34525.55,0,4937.967981,,4937.967981,0,1561.76085,,1561.76085,0,8761.875,,8761.875,15261.60383
2024-25,235,JHARKHAND,GODDA,66.34,20508.42,0,20574.76,0,2629.162726,,2629.162726,0,258.599425,,258.599425,0,1869,,1869,4756.762151
2024-25,236,JHARKHAND,GUMLA,11.6,32014.62,0,32026.22,0,1962.005342,,1962.005342,0,12.53865,,12.53865,0,3789.5,,3789.5,5764.043992
2024-25,237,JHARKHAND,HAZARIBAGH,0,32345.86,0,32345.86,0,3565.497609,,3565.497609,0,470.2529388,,470.2529388,0,7851.375,,7851.375,11887.12555
2024-25,238,JHARKHAND,JAMTARA,14.04,9226.77,0,9240.81,,1601.472485,,1601.472485,,10.15625,,10.15625,,2280.25,,2280.25,3891.878735
2024-25,239,JHARKHAND,KHUNTI,0,13119.37,0,13119.37,0,1073.867321,,1073.867321,0,12.59375,,12.59375,0,2385,,2385,3471.461071
2024-25,240,JHARKHAND,KODERMA,1.01,6594.23,0,6595.24,,1485.992581,,1485.992581,,98.94105,,98.94105,,2529.375,,2529.375,4114.308631
2024-25,241,JHARKHAND,LATEHAR,0,22167.2,0,22167.2,0,1463.000866,,1463.000866,0,105.737475,,105.737475,0,5109,,5109,6677.738341
2024-25,242,JHARKHAND,LOHARDAGA,0,15876.41,0,15876.41,0,941.4200633,,941.4200633,0,8.17001375,,8.17001375,0,1833.5,,1833.5,2783.090077
2024-25,243,JHARKHAND,PAKUR,0,24399.26,0,24399.26,0,1663.498377,,1663.498377,0,28.45675,,28.45675,0,1911.5,,1911.5,3603.455127
2024-25,244,JHARKHAND,PALAMAU,16.74,29926.94,0,29943.68,0,3947.181759,,3947.181759,0,217.3556,,217.3556,0,7102.5,,7102.5,11267.03736
2024-25,245,JHARKHAND,RAMGARH,0,11497.95,0,11497.95,0,2084.304906,,2084.304906,0,3026.555225,,3026.555225,0,1457,,1457,6567.860131
2024-25,246,JHARKHAND,RANCHI,36.48,35518.26,0,35554.74,0,6383.382107,,6383.382107,0,1694.985067,,1694.985067,0,8444.625,,8444.625,16522.99217
2024-25,247,JHARKHAND,SAHEBGANJ,2.39,27387.08,0,27389.47,0,2353.801214,,2353.801214,0,50.291875,,50.291875,0,2207,,2207,4611.093089
2024-25,248,JHARKHAND,SARAIKELA KHARSAWAN,1.2,16337.61,0,16338.81,0,2233.687982,,2233.687982,0,527.1830813,,527.1830813,0,1099.5,,1099.5,3860.371063
2024-25,249,JHARKHAND,SIMDEGA,0,25185.07,0,25185.07,0,1206.702866,,1206.702866,0,0,,0,0,2034,,2034,3240.702866
2024-25,250,JHARKHAND,WEST SINGHBHUM,163.39,43747.63,0,43911.02,0,3078.166381,,3078.166381,0,29.838275,,29.838275,0,2025.5,,2025.5,5133.504656
2024-25,251,KARNATAKA,Bagalkot,40312.46,21357.8,0,61670.26,2241.446823,2262.773043,,4504.219866,12.775,15.5125,,28.2875,14334.37,29780.83,,44115.2,48647.70737
2024-25,252,KARNATAKA,Ballari,56748.65,8807.69,0,65556.34,1336.156668,668.79972,,2004.956388,31.20026988,462.8189557,,494.0192256,8531,5649,,14180,16678.97561
2024-25,253,KARNATAKA,Belagavi,52002.94,55481.77,0,107484.71,4460.651021,8420.388926,,12881.03995,57.956525,180.3574208,,238.3139458,25514.415,37063.29,,62577.705,75697.05889
2024-25,254,KARNATAKA,Bengaluru (Rural),0,16810.69,0,16810.69,,2652.036236,,2652.036236,,1287.347733,,1287.347733,,20734.6209,,20734.6209,24674.00487
2024-25,255,KARNATAKA,Bengaluru (Urban),0,30838.84,0,30838.84,,16223.90281,,16223.90281,,13701.82,,13701.82,,24744.05,,24744.05,54669.77281
2024-25,256,KARNATAKA,Bengaluru South,5219.54,43892.42,0,49111.96,159.106139,1957.115904,,2116.222043,0,1020.6,,1020.6,6734.323864,34909.70493,,41644.02879,44780.85084
2024-25,257,KARNATAKA,Bidar,3792.18,30403.02,0,34195.2,437.16123,3997.141901,,4434.303131,0,70.13,,70.13,2096.05,16646.71,,18742.76,23247.19313
2024-25,258,KARNATAKA,Chamarajanagara,14065.31,22013.39,0,36078.7,863.7693975,1440.148234,,2303.917632,1.33444,28.71314,,30.04758,9175.602986,20373.69,,29549.29299,31883.2582
2024-25,259,KARNATAKA,Chikkaballapura,0,30753.83,0,30753.83,,3049.237521,,3049.237521,,121.3774,,121.3774,,47775.69,,47775.69,50946.30492
2024-25,260,KARNATAKA,Chikkamagaluru,3704.02,57650.82,0,61354.84,72.5221785,2489.402565,,2561.924744,0,202.895,,202.895,514.26,30593.62,,31107.88,33872.69974
2024-25,261,KARNATAKA,Chitradurga,2560.26,36761.09,0,39321.35,199.234593,3780.188784,,3979.423377,0,115.51,,115.51,3887.4,44332.08,,48219.48,52314.41338
2024-25,262,KARNATAKA,Dakshina Kannada,0,65995.09,0,65995.09,,5224.749795,,5224.749795,,53.12346875,,53.12346875,,24888.1905,,24888.1905,30166.06376
2024-25,263,KARNATAKA,Davanagere,37953.93,19841.08,0,57795.01,2371.852125,1313.69121,,3685.543335,140.9671068,88.1196763,,229.0867831,16483.5,30799.9,,47283.4,51198.03012
2024-25,264,KARNATAKA,Dharwad,4920.39,24841.48,0,29761.87,291.957222,1807.014202,,2098.971424,0.9125,115.3,,116.2125,2794.2,11910.08,,14704.28,16919.46392
2024-25,265,KARNATAKA,Gadag,17713.26,14839.21,0,32552.47,381.3228,304.018428,,685.341228,10.13033167,21.10555855,,31.23589022,8689.8,15140.54,,23830.34,24546.91712
2024-25,266,KARNATAKA,Hassan,30340.38,48800.92,0,79141.3,221.411409,951.881091,,1173.2925,14.661,25.604815,,40.265815,12402.13,35035.31301,,47437.44301,48651.00133
2024-25,267,KARNATAKA,Haveri,32751.41,24230,0,56981.41,684.9953635,1338.711454,,2023.706818,7.0664,65.949295,,73.015695,15212.12,19469.08,,34681.2,36777.92251
2024-25,268,KARNATAKA,Kalburgi,18005.59,49419.81,0,67425.4,1601.13101,5763.695765,,7364.826774,1.8,45.9,,47.7,4926.93863,18830.96877,,23757.9074,31170.43417
2024-25,269,KARNATAKA,Kodagu,1991.82,19301.05,0,21292.87,12.1062105,924.5744759,,936.6806864,1.6425,93.24217,,94.88467,1202.4,5345.67,,6548.07,7579.635356
2024-25,270,KARNATAKA,Kolara,0,33032.75,0,33032.75,,4189.652756,,4189.652756,,226.97,,226.97,,56505.97,,56505.97,60922.59276
2024-25,271,KARNATAKA,Koppal,37765.87,22090.36,0,59856.23,1441.252359,1391.277654,,2832.530013,167.6699,109.83696,,277.50686,9349.414384,24223.95178,,33573.36616,36683.40304
2024-25,272,KARNATAKA,Mandya,46923.88,16207.29,0,63131.17,2736.735471,1236.19149,,3972.926961,41.0958,55.9685,,97.0643,20129.14956,17371.27297,,37500.42253,41570.41379
2024-25,273,KARNATAKA,Mysuru,40208.02,25812.38,0,66020.4,1160.57792,1860.286574,,3020.864494,29.70366391,62.98270441,,92.68636832,12215.17671,15662.6137,,27877.79041,30991.34127
2024-25,274,KARNATAKA,Raichur,56034.72,22448.8,0,78483.52,1915.518869,1454.253294,,3369.772163,53.95,128.74,,182.69,16135.35534,14812.04192,,30947.39726,34499.85942
2024-25,275,KARNATAKA,Shivamogga,29140.08,68974.99,0,98115.07,207.9314115,2506.542162,,2714.473574,272.5,0,,272.5,5112.6,33506.89384,,38619.49384,41606.46741
2024-25,276,KARNATAKA,Tumakuru,21367.69,55132.13,0,76499.82,1436.573862,4424.954787,,5861.528649,46.19076923,132.6706349,,178.8614041,7200.79948,56702.66907,,63903.46855,69943.8586
2024-25,277,KARNATAKA,Udupi,0,49289.94,0,49289.94,,2124.74019,,2124.74019,,61.303,,61.303,,13997.69,,13997.69,16183.73319
2024-25,278,KARNATAKA,Uttara Kannada,0,83772.07,0,83772.07,,3167.214573,,3167.214573,,29.38191313,,29.38191313,,22383.84134,,22383.84134,25580.43783
2024-25,279,KARNATAKA,Vijayanagara,8564.94,31238.74,0,39803.68,180.6326235,1412.025714,,1592.658338,12.98687463,19.17287494,,32.15974957,4419,26073,,30492,32116.81809
2024-25,280,KARNATAKA,Vijayapura,88058.08,7248.62,0,95306.7,4940.699787,191.959632,,5132.659419,43.8,18.25,,62.05,32314.85,5338.74,,37653.59,42848.29942
2024-25,281,KARNATAKA,Yadgir,40719.98,13257.27,0,53977.25,2077.406078,1062.379512,,3139.78559,125.1,1047.4,,1172.5,6811.1,9421.55,,16232.65,20544.93559
2024-25,282,KERALA,ALAPPUZHA,0,35712.59,0,35712.59,,9283.290453,,9283.290453,,262.61675,,262.61675,,3737.237,,3737.237,13283.1442
2024-25,283,KERALA,ERNAKULAM,0,37094.21,0,37094.21,,9448.826832,,9448.826832,,261.7982,,261.7982,,7933.2675,,7933.2675,17643.89253
2024-25,284,KERALA,IDUKKI,0,20506,0,20506,,4058.158969,,4058.158969,,13.2675,,13.2675,,6066.22,,6066.22,10137.64647
2024-25,285,KERALA,KANNUR,0,35569.11,0,35569.11,,7208.063782,,7208.063782,,48.0115,,48.0115,,8736.865,,8736.865,15992.94028
2024-25,286,KERALA,KASARGOD,0,30694.42,0,30694.42,,3625.501811,,3625.501811,,4.526,,4.526,,17193.2,,17193.2,20823.22781
2024-25,287,KERALA,KOLLAM,0,29175.76,0,29175.76,,8482.96719,,8482.96719,,29.91058,,29.91058,,4994.442,,4994.442,13507.31977
2024-25,288,KERALA,KOTTAYAM,0,36415.1,0,36415.1,,6820.033799,,6820.033799,,15.7225,,15.7225,,4897.6915,,4897.6915,11733.4478
2024-25,289,KERALA,KOZHIKKODE,0,29234.83,0,29234.83,,12394.3811,,12394.3811,,6.205,,6.205,,4722.2975,,4722.2975,17122.8836
2024-25,290,KERALA,MALAPPURAM,0,39149.78,0,39149.78,,17277.44108,,17277.44108,,6.767693125,,6.767693125,,9489.231,,9489.231,26773.43977
2024-25,291,KERALA,PALAKKAD,0,50330.1,0,50330.1,,9037.054573,,9037.054573,,612.50365,,612.50365,,18713.869,,18713.869,28363.42722
2024-25,292,KERALA,PATHANAMTHITTA,0,19719.25,0,19719.25,,2365.054365,,2365.054365,,8.6213,,8.6213,,3776.149,,3776.149,6149.824665
2024-25,293,KERALA,THIRUVANANTHAPURAM,0,24449.15,0,24449.15,,10455.57637,,10455.57637,,8.88235,,8.88235,,4892.458,,4892.458,15356.91672
2024-25,294,KERALA,THRISSUR,0,55228.54,0,55228.54,,9856.572694,,9856.572694,,52.02064419,,52.02064419,,20922.197,,20922.197,30830.79034
2024-25,295,KERALA,WAYANAD,0,21268.04,0,21268.04,,2849.42214,,2849.42214,,0.74825,,0.74825,,1682.38,,1682.38,4532.55039
2024-25,296,LADAKH,KARGIL,0,1404.78,0,1404.78,,454.569,,454.569,,17.899,,17.899,,7.239,,7.239,479.707
2024-25,297,LADAKH,LEH,0,4662.92,0,4662.92,,1281.61,,1281.61,,49.855,,49.855,,65.672,,65.672,1397.137
2024-25,298,LAKSHDWEEP,AMINI,0,127.5,0,127.5,,65.46913119,,65.46913119,,0,,0,,0,,0,65.46913119
2024-25,299,LAKSHDWEEP,ANDROTH,0,161.91,0,161.91,,86.68764827,,86.68764827,,0,,0,,0,,0,86.68764827
2024-25,300,LAKSHDWEEP,KAVARATTI,0,136.17,0,136.17,,101.6625061,,101.6625061,,0,,0,,0,,0,101.6625061
2024-25,301,LAKSHDWEEP,KILTAN,0,58.22,0,58.22,,25.50672439,,25.50672439,,0,,0,,0,,0,25.50672439
2024-25,302,LAKSHDWEEP,MINICOY,0,99.09,0,99.09,,57.53638631,,57.53638631,,0,,0,,0,,0,57.53638631
2024-25,303,MAHARASHTRA,Ahmednagar,,,,,,,,,,,,,,,,,0
2024-25,304,MAHARASHTRA,Akola,7403.87,30086.71885,4980.973505,42471.56235,307.269855,1947.306205,120.9722645,2375.548325,0.1548,0.434204734,0,0.589004734,3362.59521,18181.43331,832.9760009,22377.00452,24753.14185
2024-25,305,MAHARASHTRA,Amravati,,,,,,,,,,,,,,,,,0
2024-25,306,MAHARASHTRA,Aurangabad,,,,,,,,,,,,,,,,,0
2024-25,307,MAHARASHTRA,Beed,26958.05,97570.94,,124528.99,951.6525,4036.716,,4988.3685,21.1375,18.5165,,39.654,10122.444,57769.3395,,67891.7835,72919.806
2024-25,308,MAHARASHTRA,Bhandara,55023.72702,32034.86507,,87058.5921,1427.691904,2264.224206,,3691.91611,24.5285,146.4577,,170.9862,5892.453653,16359.84822,,22252.30187,26115.20419
2024-25,309,MAHARASHTRA,Buldhana,,,,,,,,,,,,,,,,,0
2024-25,310,MAHARASHTRA,Chandrapur,,,,,,,,,,,,,,,,,0
2024-25,311,MAHARASHTRA,Dhule,16990.8,56986.76,,73977.56,328.33962,1428.117575,,1756.457195,5.85861,96.8825,,102.74111,7687.191,26235.144,,33922.335,35781.53331
2024-25,312,MAHARASHTRA,Gadchiroli,5759.9,97326.7209,,103086.6209,509.536,4209.526713,,4719.062713,0.19328,1.354,,1.54728,688.8855,21122.86112,,21811.74662,26532.35661
2024-25,313,MAHARASHTRA,Gondia,24064.04,38058.79,,62122.83,3428.456045,2601.521945,,6029.97799,108.703,210.006,,318.709,4285.5957,5895.43929,,10181.03499,16529.72198
2024-25,314,MAHARASHTRA,Hingoli,58169.2,39818.41,,97987.61,769.39,1389.748,,2159.138,1.02,1.512,,2.532,17707.41036,18649.27388,,36356.68424,38518.35424
2024-25,315,MAHARASHTRA,Jalgaon,38829.06,97513.2,,136342.26,1281.8405,3605.971,,4887.8115,152.616,163.1189,,315.7349,26845.40584,74407.14529,,101252.5511,106456.0975
2024-25,316,MAHARASHTRA,Jalna,15355.92,77476.31,,92832.23,151.7919975,982.7819913,,1134.573989,77.5953255,89.8926907,,167.4880162,5499.732184,39193.08278,,44692.81497,45994.87697
2024-25,317,MAHARASHTRA,Kolhapur,10797.04,116947.81,,127744.85,82.08,2061,,2143.08,0,0,,0,2465.954,49727.787,,52193.741,54336.821
2024-25,318,MAHARASHTRA,Latur,6051.06,64045.19,,70096.25,352.1732,1847.461425,,2199.634625,192.5365,0,,192.5365,3990.317,29590.412,,33580.729,35972.90013
2024-25,319,MAHARASHTRA,Mumbai,,1477.65,,1477.65,,619.365945,,619.365945,,60.7725,,60.7725,,0,,0,680.138445
2024-25,320,MAHARASHTRA,Mumbai Sub,,7263.56,,7263.56,,1787.65831,,1787.65831,,82.271,,82.271,,0,,0,1869.92931
2024-25,321,MAHARASHTRA,Nagpur,42911.95463,77483.7792,,120395.7338,3969.936182,6282.55222,,10252.4884,1104.862286,1096.143373,,2201.005659,11927.32642,30346.48606,,42273.81248,54727.30654
2024-25,322,MAHARASHTRA,Nanded,22578.69,96078.03,,118656.72,1156.754983,2229.14148,,3385.896463,0,1.2125,,1.2125,9499.91169,25365.33229,,34865.24398,38252.35294
2024-25,323,MAHARASHTRA,Nandurbar,6159.75,42799.43559,,48959.18559,821.998425,2163.618536,,2985.616961,0,0,,0,1898.12388,15718.85296,,17616.97684,20602.59381
2024-25,324,MAHARASHTRA,Nashik,42850.4,146985.26,,189835.66,807.00604,2786.63,,3593.63604,19.8075,1182.561,,1202.3685,19662.68785,84983.71859,,104646.4064,109442.411
2024-25,325,MAHARASHTRA,Osmanabad,,,,,,,,,,,,,,,,,0
2024-25,326,MAHARASHTRA,Palghar,3464.22,17601.8,,21066.02,145.96491,871.26768,,1017.23259,5.1,38.7,,43.8,568.066,3310.391,,3878.457,4939.48959
2024-25,327,MAHARASHTRA,Parbhani,42647.17,39571.84,,82219.01,847.14,1103.04296,,1950.18296,0,0,,0,16964.43738,19247.89156,,36212.32894,38162.5119
2024-25,328,MAHARASHTRA,Pune,76518.16,105821.5142,3596.293149,185935.9674,2847.1982,5214.882668,353.2551578,8415.336026,0,0,0,0,44873.2414,61244.50811,9392.286868,115510.0364,123925.3724
2024-25,329,MAHARASHTRA,Raigad,5075.51,30097.52,,35173.03,119.1772,2119.66726,,2238.84446,0,40.45927616,,40.45927616,285.922,3966.276,,4252.198,6531.501736
2024-25,330,MAHARASHTRA,Ratnagiri,1275.73,37770.75,,39046.48,81.77157,1253.52534,,1335.29691,0,0,,0,254.808,5347.92,,5602.728,6938.02491
2024-25,331,MAHARASHTRA,Sangli,88692.69448,55074.24857,2869.35,146636.2931,1696.018521,3115.8422,38.8725,4850.733221,0,0,0,0,42819.33911,47152.76342,0,89972.10252,94822.83574
2024-25,332,MAHARASHTRA,Satara,35846.93,77667.31,,113514.24,1191.144,3775.6589,,4966.8029,0,0,,0,14608.643,46150.94225,,60759.58525,65726.38815
2024-25,333,MAHARASHTRA,Sindhudurg,559.97,21732.28,,22292.25,63.7728,2205.442785,,2269.215585,0,7.1646,,7.1646,271.12393,7367.29446,,7638.41839,9914.798575
2024-25,334,MAHARASHTRA,Solapur,32845.39,107509.07,,140354.46,1127.93188,3725.07721,,4853.00909,2.061,0.5874,,2.6484,23051.39572,73035.8228,,96087.21851,100942.876
2024-25,335,MAHARASHTRA,Thane,2051.42,14271.14,,16322.56,49.41151,690.19425,,739.60576,0,0,,0,88.632,2309.031,,2397.663,3137.26876
2024-25,336,MAHARASHTRA,Wardha,35466.45,54278.03,,89744.48,1161.77339,2293.72102,,3455.49441,44.99775,73.8019,,118.79965,13862.47438,25131.17402,,38993.6484,42567.94246
2024-25,337,MAHARASHTRA,Washim,9768.71,51271.71,,61040.42,648.471961,1497.00955,,2145.481511,4.8674,3.644,,8.5114,2217.52834,29926.01108,,32143.53942,34297.53233
2024-25,338,MAHARASHTRA,Yawatmal,24762.34,94641.09,,119403.43,1607.521856,6064.576008,,7672.097864,13.801,42.3309,,56.1319,6901.705428,30472.67845,,37374.38388,45102.61365
2024-25,339,MANIPUR,BISHNUPUR,0,8714.26,0,8714.26,,262.8921625,,262.8921625,,6,,6,,327,,327,595.8921625
2024-25,340,MANIPUR,CHANDEL,0,0,0,0,,,,0,,,,0,,,,0,0
2024-25,341,MANIPUR,CHURACHANPUR,0,5979.12,0,5979.12,,175.2487275,,175.2487275,,18,,18,,270,,270,463.2487275
2024-25,342,MANIPUR,IMPHAL EAST,0,11418.85,0,11418.85,,458.7609263,,458.7609263,,30,,30,,573,,573,1061.760926
2024-25,343,MANIPUR,IMPHAL WEST,0,7870.7,0,7870.7,,521.0857713,,521.0857713,,24,,24,,285,,285,830.0857713
2024-25,344,MANIPUR,SENAPATI,0,0,0,0,,,,0,,,,0,,,,0,0
2024-25,345,MANIPUR,TAMENGLONG,0,0,0,0,,,,0,,,,0,,,,0,0
2024-25,346,MANIPUR,THOUBAL,0,5773.32,0,5773.32,,424.6695613,,424.6695613,,0,,0,,240,,240,664.6695613
2024-25,347,MANIPUR,UKHRUL,0,0,0,0,,,,0,,,,0,,,,0,0
2024-25,348,MEGHALAYA,EAST GARO HILLS,0,7643.46,0,7643.46,,346.103674,,346.103674,,0,,0,,0,,0,346.103674
2024-25,349,MEGHALAYA,EAST JAINTIA HILLS,0,15116.31,0,15116.31,,194.9070912,,194.9070912,,38.84,,38.84,,0,,0,233.7470912
2024-25,350,MEGHALAYA,EAST KHASI HILLS,0,19635.67,0,19635.67,,662.9535316,,662.9535316,,35.236,,35.236,,0,,0,698.1895316
2024-25,351,MEGHALAYA,NORTH GARO HILLS,0,7743.68,0,7743.68,,415.557274,,415.557274,,81.3585,,81.3585,,1.8,,1.8,498.715774
2024-25,352,MEGHALAYA,RI BHOI,0,5835.34,0,5835.34,,322.0655421,,322.0655421,,32.73,,32.73,,0,,0,354.7955421
2024-25,353,MEGHALAYA,SOUTH GARO HILLS,0,21126.28,0,21126.28,,256.6106266,,256.6106266,,0.36,,0.36,,0,,0,256.9706266
2024-25,354,MEGHALAYA,SOUTH WEST GARO HILLS,0,3875.98,0,3875.98,,254.5248229,,254.5248229,,0,,0,,511.92,,511.92,766.4448229
2024-25,355,MEGHALAYA,SOUTH WEST KHASI HILLS,0,12899.8,0,12899.8,,138.035465,,138.035465,,0,,0,,0,,0,138.035465
2024-25,356,MEGHALAYA,WEST GARO HILLS,0,19046.95,0,19046.95,,1007.181619,,1007.181619,,4.526,,4.526,,2662.2,,2662.2,3673.907619
2024-25,357,MEGHALAYA,WEST JAINTIA HILLS,0,10047.12,0,10047.12,,608.0214741,,608.0214741,,3.287,,3.287,,0,,0,611.3084741
2024-25,358,MEGHALAYA,WEST KHASI HILLS,0,30568.85,0,30568.85,,463.0876672,,463.0876672,,0.3285,,0.3285,,0,,0,463.4161672
2024-25,359,MIZORAM,AIZAWL,0,1370.81,0,1370.81,,200.5348562,,200.5348562,,0,,0,,0,,0,200.5348562
2024-25,360,MIZORAM,CHAMPHAI,0,1423.64,0,1423.64,,44.58028751,,44.58028751,,0,,0,,0,,0,44.58028751
2024-25,361,MIZORAM,KOLASIB,0,2498.83,0,2498.83,,31.63085255,,31.63085255,,0,,0,,0,,0,31.63085255
2024-25,362,MIZORAM,LAWNGTLAI,0,3039.64,0,3039.64,,104.2691887,,104.2691887,,0,,0,,0,,0,104.2691887
2024-25,363,MIZORAM,LUNGLEI,0,4447.04,0,4447.04,,191.4716562,,191.4716562,,0,,0,,0,,0,191.4716562
2024-25,364,MIZORAM,MAMIT,0,4658.72,0,4658.72,,102.76525,,102.76525,,0,,0,,0,,0,102.76525
2024-25,365,MIZORAM,SAIHA,0,695.46,0,695.46,,40.44249275,,40.44249275,,0,,0,,0,,0,40.44249275
2024-25,366,MIZORAM,SERCHHIP,0,820.47,0,820.47,,48.23665165,,48.23665165,,0,,0,,0,,0,48.23665165
2024-25,367,NAGALAND,Dimapur,0,20998.07,0,20998.07,,822.6344203,,822.6344203,,3.48,,3.48,,583.2,,583.2,1409.31442
2024-25,368,NAGALAND,Kiphire,0,522.15,0,522.15,,9.166018398,,9.166018398,,0,,0,,0,,0,9.166018398
2024-25,369,NAGALAND,Kohima,0,2773.3,0,2773.3,,215.9557242,,215.9557242,,0.2,,0.2,,0,,0,216.1557242
2024-25,370,NAGALAND,Longleng,0,1389.8,0,1389.8,,6.549367608,,6.549367608,,0,,0,,0,,0,6.549367608
2024-25,371,NAGALAND,Mokokchung,0,5620.3,0,5620.3,,62.22318974,,62.22318974,,0,,0,,33.19536,,33.19536,95.41854974
2024-25,372,NAGALAND,Mon,0,3987.36,0,3987.36,,139.1797609,,139.1797609,,0.1666668,,0.1666668,,7.298304,,7.298304,146.6447317
2024-25,373,NAGALAND,Peren,0,4053.17,0,4053.17,,78.9394825,,78.9394825,,0,,0,,92.423808,,92.423808,171.3632905
2024-25,374,NAGALAND,Phek,0,1063.27,0,1063.27,,37.67097763,,37.67097763,,0,,0,,0,,0,37.67097763
2024-25,375,NAGALAND,Tuensang,0,1308.25,0,1308.25,,46.73240699,,46.73240699,,0,,0,,0,,0,46.73240699
2024-25,376,NAGALAND,Wokha,0,6870.44,0,6870.44,,168.8312768,,168.8312768,,0.72,,0.72,,8.583744,,8.583744,178.1350208
2024-25,377,NAGALAND,Zunheboto,0,1706.45,0,1706.45,,57.93587834,,57.93587834,,1,,1,,0,,0,58.93587834
2024-25,378,PUDUCHERRY,KARAIKAL,1946.78,2034.82,0,3981.6,,946.8777075,0,946.8777075,,17.58,0,17.58,,528.78,0,528.78,1493.237708
2024-25,379,PUDUCHERRY,PUDUCHERRY,110.05,13347.97,0,13458.02,,4322.423805,0,4322.423805,,547.2,0,547.2,,6888.5,0,6888.5,11758.12381
2024-25,380,PUNJAB,Amritsar,124711.65,0,0,124711.65,9661.17186,,,9661.17186,1288.1268,,,1288.1268,188994.67,,,188994.67,199943.9687
2024-25,381,PUNJAB,Barnala,48893.01,0,0,48893.01,2521.7485,,0,2521.7485,43.92,,0,43.92,104683.61,,0,104683.61,107249.2785
2024-25,382,PUNJAB,Bathinda,123264.31,0,12876.1,136140.41,2487.948989,,0,2487.948989,347.57,,0,347.57,154989.72,,10545.64,165535.36,168370.879
2024-25,383,PUNJAB,Faridkot,43046.68,0,30760.96,73807.64,966.4981,,0,966.4981,66.3,,0,66.3,50285.47,,28356.77,78642.24,79675.0381
2024-25,384,PUNJAB,Fatehgarh Sahib,35756.99,0,0,35756.99,2536.62225,,,2536.62225,2595.89,,,2595.89,59992.87,,,59992.87,65125.38225
2024-25,385,PUNJAB,Fazilka,66186.63,0,48414.8,114601.43,1861.037034,,0,1861.037034,44.16,,0,44.16,41235.94,,30783,72018.94,73924.13703
2024-25,386,PUNJAB,Firozpur,125528.76,0,23988.12,149516.88,3489.3343,,0,3489.3343,137.73,,0,137.73,133024.91,,20746.48,153771.39,157398.4543
2024-25,387,PUNJAB,Gurdaspur,136765.79,0,0,136765.79,7088.2927,,,7088.2927,119.18,,,119.18,158465.08,,,158465.08,165672.5527
2024-25,388,PUNJAB,Hoshiarpur,76100.67,4312.16,0,80412.83,6693.6766,,,6693.6766,131.54,,,131.54,93537.38411,,,93537.38411,100362.6007
2024-25,389,PUNJAB,Jalandhar,86196.69,0,0,86196.69,16251.80641,,,16251.80641,2749.7155,,,2749.7155,223357.6328,,,223357.6328,242359.1547
2024-25,390,PUNJAB,Kapurthala,56633.74,0,0,56633.74,3457.9443,,,3457.9443,2499.4,,,2499.4,131638.89,,,131638.89,137596.2343
2024-25,391,PUNJAB,Ludhiana,123365.4,0,0,123365.4,20180.49632,,,20180.49632,7247.08,,,7247.08,212709.16,,,212709.16,240136.7363
2024-25,392,PUNJAB,Malerkotla,19433.77,0,0,19433.77,2003.20395,,,2003.20395,541.2,,,541.2,56132.45,,,56132.45,58676.85395
2024-25,393,PUNJAB,Mansa,71848.03,0,36854.64,108702.67,283.997375,,0,283.997375,54.44,,0,54.44,77767.09,,34367.4,112134.49,112472.9274
2024-25,394,PUNJAB,Moga,70072.86,0,132.5,70205.36,2761.263143,,,2761.263143,122.32,,,122.32,160446,,,160446,163329.5831
2024-25,395,PUNJAB,Muktsar,96264.14,0,54768.92,151033.06,0,,0,0,73.15,,0,73.15,26700.53,,43860.09,70560.62,70633.77
2024-25,396,PUNJAB,Pathankot,41595.24,1698.96,0,43294.2,2853.08455,,,2853.08455,172.96,,,172.96,14747.46,,,14747.46,17773.50455
2024-25,397,PUNJAB,Patiala,90645.7,0,795.12,91440.82,8002.52645,,0,8002.52645,678.08913,,0,678.08913,180345.9062,,0,180345.9062,189026.5218
2024-25,398,PUNJAB,Rupnagar,39271.86,71.2,0,39343.06,2889.8948,,,2889.8948,656.67,,,656.67,32962.6,,,32962.6,36509.1648
2024-25,399,PUNJAB,SAS Nagar,20384.27,1.1,0,20385.37,4170.4535,,0,4170.4535,3495.48,,0,3495.48,16165.28,,0,16165.28,23831.2135
2024-25,400,PUNJAB,SBS Nagar,47698.11,1375.3,560.42,49633.83,2598.14665,,0,2598.14665,415.46,,0,415.46,53524.25,,330.75,53855,56868.60665
2024-25,401,PUNJAB,Sangrur,63227.66,0,0,63227.66,4993.12335,,,4993.12335,1554.45,,,1554.45,189450.32,,,189450.32,195997.8934
2024-25,402,PUNJAB,Tarn Taran,65592.76,0,0,65592.76,4736.8459,,,4736.8459,138.08,,,138.08,127942.18,,,127942.18,132817.1059
2024-25,403,RAJASTHAN,AJMER,0,33580.91,0,33580.91,,1273.647819,,1273.647819,,176,,176,,44940.0425,,44940.0425,46389.69032
2024-25,404,RAJASTHAN,ALWAR,0,70488.78,3960.84,74449.62,,14105.7831,0,14105.7831,,3413.3492,0,3413.3492,,110871.595,2635.29,113506.885,131026.0173
2024-25,405,RAJASTHAN,BANSWARA,10476.08,10426.54,0,20902.62,1313.411305,1230.189559,,2543.600864,0,4.02,,4.02,4963.222856,7043.521964,,12006.74482,14554.36568
2024-25,406,RAJASTHAN,BARAN,13644.76,44755.5,0,58400.26,1950.51,7206.8,,9157.31,0,102.57,,102.57,11790.48,57735.72,,69526.2,78786.08
2024-25,407,RAJASTHAN,BARMER,0,34883.49,27688.94,62572.43,,7441.065,1769.22,9210.285,,438,852,1290,,39038.605,5138.805,44177.41,54677.695
2024-25,408,RAJASTHAN,BHARATPUR,0,38315.32,11656.06,49971.38,,6635.861164,1396.238633,8032.099797,,71.8466,0,71.8466,,38013.036,2800.998,40814.034,48917.9804
2024-25,409,RAJASTHAN,BHILWARA,4020.71,36761.76,0,40782.47,375.8132,4537.6484,,4913.4616,447.0379,288.8352,,735.8731,3525.755,54366.33,,57892.085,63541.4197
2024-25,410,RAJASTHAN,BIKANER,1817.32,26377.83,28282.79,56477.94,12.8,10404.9,0,10417.7,0,71,11,82,0,29146.301,0,29146.301,39646.001
2024-25,411,RAJASTHAN,BUNDI,15488.31,17241.98,0,32730.29,1028.112643,2892.023385,,3920.136029,0,66,,66,8323.8,19080.455,,27404.255,31390.39103
2024-25,412,RAJASTHAN,CHITTAURGARH,3562.21,27756.16,0,31318.37,388.7663,1928.2691,,2317.0354,0,107.2294,,107.2294,5227.938,43040.859,,48268.797,50693.0618
2024-25,413,RAJASTHAN,CHURU,0,15541.57,4937.42,20478.99,,3789.8173,0,3789.8173,,4.76,0,4.76,,16234.8035,0,16234.8035,20029.3808
2024-25,414,RAJASTHAN,DAUSA,0,25184.08,0,25184.08,,11726.49971,,11726.49971,,3.1892,,3.1892,,46859.535,,46859.535,58589.22391
2024-25,415,RAJASTHAN,DHAULPUR,1628.73,24177.83,0,25806.56,381.91,4432.615,,4814.525,0,15.73,,15.73,3078.29,27712.27,,30790.56,35620.815
2024-25,416,RAJASTHAN,DUNGARPUR,1536.01,18890.96,0,20426.97,96.365952,805.835018,,902.20097,0,1.1105,,1.1105,680.695294,10918.20383,,11598.89912,12502.21059
2024-25,417,RAJASTHAN,GANGANAGAR,43292.97,0,92322.66,135615.63,43.715,,38.08,81.795,39,,0,39,17395.725,,17006.3545,34402.0795,34522.8745
2024-25,418,RAJASTHAN,HANUMANGARH,20579.01,0,67843.91,88422.92,1589.7,,326.55,1916.25,200,,0,200,11659.0425,,34949.6701,46608.7126,48724.9626
2024-25,419,RAJASTHAN,JAIPUR,0,71377.76,1394.36,72772.12,,42974.33915,0,42974.33915,,1662.628317,0,1662.628317,,110263.2328,0,110263.2328,154900.2003
2024-25,420,RAJASTHAN,JAISALMER,0,9614.27,39808.87,49423.14,,4163.1041,836.085,4999.1891,,7.0656,0,7.0656,,26772.72,4579.8,31352.52,36358.7747
2024-25,421,RAJASTHAN,JALOR,12676.45,31979.74,10340.81,54997,236.28,4158.825,192.96,4588.065,0,2.582,0,2.582,13123.7775,62030.425,2623.265,77777.4675,82368.1145
2024-25,422,RAJASTHAN,JHALAWAR,6581.7,46954.31,0,53536.01,1037.335492,3163.685932,,4201.021425,0,0.41,,0.41,6624.63758,45883.59948,,52508.23706,56709.66849
2024-25,423,RAJASTHAN,JHUNJHUNU,0,22436.15,432.07,22868.22,,15194.8448,62.8384,15257.6832,,564.1575,0,564.1575,,35293.728,97.92,35391.648,51213.4887
2024-25,424,RAJASTHAN,JODHPUR,0,38078.5,8815.55,46894.05,,15817.12,220.84,16037.96,,677.58,129.5,807.08,,80593.165,294.3,80887.465,97732.505
2024-25,425,RAJASTHAN,KARAULI,3110.23,29582.77,0,32693,416.4930636,5165.224229,,5581.717292,0,0.07,,0.07,4947.480876,38344.5,,43291.98088,48873.76817
2024-25,426,RAJASTHAN,KOTA,27831.78,19386.91,0,47218.69,5053.653,4941.5,,9995.153,0,180.93,,180.93,19635.48,22595.16,,42230.64,52406.723
2024-25,427,RAJASTHAN,NAGAUR,0,58659.2,5547.3,64206.5,,14938.2,643.2,15581.4,,1147.65,9.6,1157.25,,93744.866,2727.9175,96472.7835,113211.4335
2024-25,428,RAJASTHAN,PALI,2620.51,28968.86,11266.48,42855.85,110.16,4555.62156,248.6795,4914.46106,0.126,20.6932,0.7754,21.5946,1025.15,44301.23,3641.39,48967.77,53903.82566
2024-25,429,RAJASTHAN,PRATAPGARH,1251.46,19852.03,0,21103.49,139.13,559.07647,,698.20647,0,19,,19,1093.15,25449.40711,,26542.55711,27259.76358
2024-25,430,RAJASTHAN,RAJSAMAND,1483.03,9776.82,0,11259.85,250.9803397,2376.152194,,2627.132534,0,391.642,,391.642,912.070402,9655.704157,,10567.77456,13586.54909
2024-25,431,RAJASTHAN,SAWAI MADHOPUR,5408.96,36323.42,0,41732.38,1326.788376,6523.703872,,7850.492248,0.0002,0.217624,,0.217824,7898.443,47729.09769,,55627.54069,63478.25077
2024-25,432,RAJASTHAN,SIKAR,0,34927.43,318.82,35246.25,,14828.9418,0,14828.9418,,221.3135,0,221.3135,,51781.85108,133.3436339,51915.19472,66965.45001
2024-25,433,RAJASTHAN,SIROHI,0,27912.11,0,27912.11,,1985.6,,1985.6,,348.31,,348.31,,30964.36,,30964.36,33298.27
2024-25,434,RAJASTHAN,TONK,14120.32,30874.05,0,44994.37,5457.985663,5673.712462,0,11131.69813,9,27,0,36,6750.557037,23215.5064,82.19583057,30048.25927,41215.95739
2024-25,435,RAJASTHAN,UDAIPUR,4031.06,25919.63,0,29950.69,382.574,3589.971,,3972.545,100.844,1958.947,,2059.791,2712.3095,21229.0865,,23941.396,29973.732
2024-25,436,SIKKIM,Gangtok,0,6134.97,0,6134.97,,118.50966,,118.50966,,6.08225,,6.08225,,285.1,,285.1,409.69191
2024-25,437,SIKKIM,Gyalsingh,0,3412.42,0,3412.42,,31.49439,,31.49439,,0,,0,,206.1,,206.1,237.59439
2024-25,438,SIKKIM,Mangan,0,3344.94,0,3344.94,,21.3869925,,21.3869925,,0,,0,,83.6,,83.6,104.9869925
2024-25,439,SIKKIM,Namchi,0,3191.38,0,3191.38,,61.2179825,,61.2179825,,16.19,,16.19,,136.45,,136.45,213.8579825
2024-25,440,SIKKIM,Pakyong,0,4520.53,0,4520.53,,38.343615,,38.343615,,61.20205,,61.20205,,120.6,,120.6,220.145665
2024-25,441,SIKKIM,Soreng,0,1143.87,0,1143.87,,27.33996,,27.33996,,0,,0,,62.7,,62.7,90.03996
2024-25,442,TAMILNADU,ARIYALUR,8699.91,28640.99,0,37340.9,,1933.451867,,1933.451867,,84.23214,,84.23214,,16088.46,,16088.46,18106.14401
2024-25,443,TAMILNADU,CHENGALPATTU,74.36,62722.52,0,62796.88,,762.8928901,,762.8928901,,536.14856,,536.14856,,38904.17344,,38904.17344,40203.21489
2024-25,444,TAMILNADU,CHENNAI,123.85,8793.45,0,8917.3,,9340.040104,,9340.040104,,1345.1,,1345.1,,169.3,,169.3,10854.4401
2024-25,445,TAMILNADU,COIMBATORE,18710.77,37515.24,0,56226.01,0,1525.074368,,1525.074368,0,1645.55222,,1645.55222,0,48374.63,,48374.63,51545.25659
2024-25,446,TAMILNADU,CUDDALORE,3010.24,104808.77,0,107819.01,,1780.217974,,1780.217974,,83.981,,83.981,,65822.151,,65822.151,67686.34997
2024-25,447,TAMILNADU,DHARMAPURI,135.12,47585.65,0,47720.77,,764.8904059,,764.8904059,,47.5,,47.5,,41539.09,,41539.09,42351.48041
2024-25,448,TAMILNADU,DINDIGUL,5249.23,48385.39,0,53634.62,,1742.833923,,1742.833923,,429.9217325,,429.9217325,,60821.667,,60821.667,62994.42266
2024-25,449,TAMILNADU,ERODE,16448.7,69117.45,0,85566.15,,924.9173828,,924.9173828,,1197.811511,,1197.811511,,60981.7,,60981.7,63104.42889
2024-25,450,TAMILNADU,KALLAKURICHCHI,1035.63,57795.86,0,58831.49,,628.0916076,,628.0916076,,37.3,,37.3,,46838.816,,46838.816,47504.20761
2024-25,451,TAMILNADU,KANCHEEPURAM,45.92,53515.6,0,53561.52,,324.124453,,324.124453,,1213.5912,,1213.5912,,24748.02,,24748.02,26285.73565
2024-25,452,TAMILNADU,KANNIYAKUMARI,10665.92,23215.75,0,33881.67,,1051.278505,,1051.278505,,141.2986198,,141.2986198,,3256.2,,3256.2,4448.777125
2024-25,453,TAMILNADU,KARUR,6064.15,23345.36,0,29409.51,,528.8364047,,528.8364047,,452.134144,,452.134144,,29019.96,,29019.96,30000.93055
2024-25,454,TAMILNADU,KRISHNAGIRI,91.07,51077.15,0,51168.22,,465.0766145,,465.0766145,,763.509568,,763.509568,,45394.76,,45394.76,46623.34618
2024-25,455,TAMILNADU,MADURAI,8699.52,62084.06,0,70783.58,,4610.603247,,4610.603247,,3359.314,,3359.314,,41996.5,,41996.5,49966.41725
2024-25,456,TAMILNADU,MAYILADUTHURAI,101.79,15958.39,2813.12,18873.3,,865.768406,0,865.768406,,1.3517775,0.23112,1.5828975,,31928.76347,0,31928.76347,32796.11477
2024-25,457,TAMILNADU,NAGAPATTINAM,0,0,73808.94,73808.94,,,610.38,610.38,,,3081.18749,3081.18749,,,27807.6836,27807.6836,31499.25109
2024-25,458,TAMILNADU,NAMAKKAL,6760.9,45764.47,0,52525.37,,1060.911063,,1060.911063,,589.23113,,589.23113,,59379.68,,59379.68,61029.82219
2024-25,459,TAMILNADU,PERAMBALUR,6231.31,19764.09,0,25995.4,,505.1694781,,505.1694781,,41.8247,,41.8247,,26970.04,,26970.04,27517.03418
2024-25,460,TAMILNADU,PUDUKKOTTAI,10996.63,87641.95,5889.01,104527.59,,1066.551891,2.49,1069.041891,,602.0244268,0,602.0244268,,45772.34,18.6,45790.94,47462.00632
2024-25,461,TAMILNADU,RAMANATHAPURAM,0,62274.07,11905.27,74179.34,,263.654592,68.186098,331.84069,,68.5,7.2,75.7,,5697.9,1596.41,7294.31,7701.85069
2024-25,462,TAMILNADU,RANIPET,15.09,30106.71,0,30121.8,,1452.033757,,1452.033757,,1245.17,,1245.17,,22763.32,,22763.32,25460.52376
2024-25,463,TAMILNADU,SALEM,8858.93,38671.89,0,47530.82,,1062.279901,,1062.279901,,344.3,,344.3,,68713.83,,68713.83,70120.4099
2024-25,464,TAMILNADU,SIVAGANGAI,1522.32,68905.83,0,70428.15,,1430.7918,,1430.7918,,260.1615,,260.1615,,16647.12,,16647.12,18338.0733
2024-25,465,TAMILNADU,TENKASI,14326.83,39338.96,0,53665.79,,895.9331433,,895.9331433,,187.0771231,,187.0771231,,39827.34,,39827.34,40910.35027
2024-25,466,TAMILNADU,THANJAVUR,3911.47,113213.22,0,117124.69,,38778.85887,,38778.85887,,849.7776192,,849.7776192,,76702.29048,,76702.29048,116330.927
2024-25,467,TAMILNADU,THE NILGIRIS,147.91,7018.05,0,7165.96,,209.592094,,209.592094,,52.4,,52.4,,654.2,,654.2,916.192094
2024-25,468,TAMILNADU,THENI,5305.14,21671.36,0,26976.5,,701.4233266,,701.4233266,,127.124425,,127.124425,,21731.617,,21731.617,22560.16475
2024-25,469,TAMILNADU,THIRUVARUR,2595.21,85002.25,34219.18,121816.64,,1708.181295,20.24,1728.421295,,405.2394678,6.61266825,411.8521361,,28082.65,220.63575,28303.28575,30443.55918
2024-25,470,TAMILNADU,THOOTHUKUDI,18280.51,59287.03,0,77567.54,,464.6651,,464.6651,,407.0224225,,407.0224225,,20311.24,,20311.24,21182.92752
2024-25,471,TAMILNADU,TIRUCHIRAPPALLI,13528.34,50477.53,0,64005.87,,1146.474914,,1146.474914,,647.726507,,647.726507,,51944.393,,51944.393,53738.59442
2024-25,472,TAMILNADU,TIRUNELVELI,29856.69,50748.99,0,80605.68,,740.4733631,,740.4733631,,126.4401125,,126.4401125,,31513.85,,31513.85,32380.76348
2024-25,473,TAMILNADU,TIRUPATHUR,0,9712.9,0,9712.9,,492.0173085,,492.0173085,,31.085,,31.085,,13354.12,,13354.12,13877.22231
2024-25,474,TAMILNADU,TIRUPPUR,20920.84,47750.63,0,68671.47,,601.01771,,601.01771,,841.65015,,841.65015,,53204.03,,53204.03,54646.69786
2024-25,475,TAMILNADU,TIRUVALLUR,1437.82,73807.46,1228.47,76473.75,,2093.137479,44.577269,2137.714748,,1323.803,1.6,1325.403,,38258.20452,504.2400583,38762.44458,42225.56233
2024-25,476,TAMILNADU,TIRUVANNAMALAI,882.19,123936.2,0,124818.39,,8380.664105,,8380.664105,,3097.67388,,3097.67388,,96934.7206,,96934.7206,108413.0586
2024-25,477,TAMILNADU,VELLORE,8.07,18166.24,0,18174.31,,1168.445602,,1168.445602,,282.73,,282.73,,20676.33,,20676.33,22127.5056
2024-25,478,TAMILNADU,VILLUPURAM,222.89,96502.07,0,96724.96,,1137.358332,0,1137.358332,,53.4,0,53.4,,80365.102,0,80365.102,81555.86033
2024-25,479,TAMILNADU,VIRUDHUNAGAR,4743.63,63687.91,0,68431.54,,457.223372,,457.223372,,1986.32861,,1986.32861,,38623.052,,38623.052,41066.60398
2024-25,480,TELANGANA,Adilabad,6419.28,44601.07,0,51020.35,159.7033875,3009.1158,,3168.819188,6.1,304.78,,310.88,1280.01,15857.05,,17137.06,20616.75919
2024-25,481,TELANGANA,Bhadradri Kothagudem,15975.06,85132.42,0,101107.48,743.34672,3640.57384,,4383.92056,208.8,3404.28,,3613.08,1174.905,24133.715,,25308.62,33305.62056
2024-25,482,TELANGANA,Hanumakonda,32927.64,15253.01,0,48180.65,724.476,979.13,,1703.606,549.42,434.6,,984.02,16993.7949,9640.947181,,26634.74208,29322.36808
2024-25,483,TELANGANA,Hyderabad,0,6165.55,0,6165.55,,5646.031576,,5646.031576,,415.8,,415.8,,0,,0,6061.831576
2024-25,484,TELANGANA,Jagtial,60264.97,9789.74,0,70054.71,213.73938,86.51178,,300.25116,470.48,125.22,,595.7,18410.06,5831.865,,24241.925,25137.87616
2024-25,485,TELANGANA,Jangaon,12237.49,16448.66,0,28686.15,410.56512,709.71624,,1120.28136,138.24,321.84,,460.08,5351.31,10255.17,,15606.48,17186.84136
2024-25,486,TELANGANA,Jayashankar Bhupalapally,23143.1,24069.21,0,47212.31,607.81566,781.63404,,1389.4497,78.741,1019.6856,,1098.4266,8401.57,9320.86,,17722.43,20210.3063
2024-25,487,TELANGANA,Jogulamba Gadwal,36755.43,7583.11,0,44338.54,278.812515,109.67559,,388.488105,118.7678,24.701,,143.4688,8137.841,4631.984,,12769.825,13301.78191
2024-25,488,TELANGANA,Kamareddy,11642.85,53552.36,0,65195.21,217.46376,805.71264,,1023.1764,75.34,561.588,,636.928,4097.865,27296.221,,31394.086,33054.1904
2024-25,489,TELANGANA,Karimnagar,74485.37,10165.75,0,84651.12,1977.78,1131.9,,3109.68,970.5096,613.5912,,1584.1008,17458.7994,6049.5486,,23508.348,28202.1288
2024-25,490,TELANGANA,Khammam,76813.25,30133.36,0,106946.61,2001.39744,1987.12896,,3988.5264,915.74,449.26,,1365,20442.45,19889.64,,40332.09,45685.6164
2024-25,491,TELANGANA,Komarambheem Asifabad,22745.74,34045.6,0,56791.34,99.74389,276.5251,,376.26899,168.8785,273.521,,442.3995,2979.16,8097.6456,,11076.8056,11895.47409
2024-25,492,TELANGANA,Mahabubabad,50548.29,13701.79,0,64250.08,1060.6531,324.7559,,1385.409,1500.184764,72.09335985,,1572.278124,25807.22372,7498.684246,,33305.90797,36263.59509
2024-25,493,TELANGANA,Mahabubnagar,0,33058.38,0,33058.38,,558.1082825,,558.1082825,,780.06,,780.06,,23841.395,,23841.395,25179.56328
2024-25,494,TELANGANA,Mancherial,20911.6,67346.71,0,88258.31,71.04141,416.668235,,487.709645,189.9825,1932.1645,,2122.147,6443.77,27859.02,,34302.79,36912.64665
2024-25,495,TELANGANA,Medak,5413.48,44083.77,0,49497.25,287.856,1082.61,,1370.466,0.864,1331.072,,1331.936,1964.03,29759.67,,31723.7,34426.102
2024-25,496,TELANGANA,Medchal Malkajgiri,0,9736.91,0,9736.91,,1337.018304,,1337.018304,,1715.39,,1715.39,,4125.5025,,4125.5025,7177.910804
2024-25,497,TELANGANA,Mulug,17818.06,36832.08,0,54650.14,151.5096,396.58824,,548.09784,47.52,56.665,,104.185,4191.76582,8960.45187,,13152.21769,13804.50053
2024-25,498,TELANGANA,Nagarkurnool,51708.56,35767.9,0,87476.46,706.8232866,861.839655,,1568.662942,284.076,131.328,,415.404,15275,17799.554,,33074.554,35058.62094
2024-25,499,TELANGANA,Nalgonda,91631.63,36615.81,0,128247.44,3914.63,1364.94,,5279.57,1514.52,2868.41,,4382.93,30396.82,23094.61,,53491.43,63153.93
2024-25,500,TELANGANA,Narayanpet,16627.56,13907.93,0,30535.49,5.16,220.08,,225.24,138.7,328.89,,467.59,3649.536,7413.364,,11062.9,11755.73
2024-25,501,TELANGANA,Nirmal,22195.05,45965.75,0,68160.8,242.89368,911.90214,,1154.79582,58.875,582.805,,641.68,5290.56,18481.9,,23772.46,25568.93582
2024-25,502,TELANGANA,Nizamabad,65316.37,27398.25,0,92714.62,994.6,675.76,,1670.36,296.8,108.94,,405.74,30532.76,19485.32,,50018.08,52094.18
2024-25,503,TELANGANA,Peddapalle,37706.55,9526.8,0,47233.35,866.09588,386.71084,,1252.80672,684,979.2,,1663.2,14009.81,5264.42,,19274.23,22190.23672
2024-25,504,TELANGANA,Rajanna Siricilla,0,41408.46,0,41408.46,,117.900545,,117.900545,,1094.445,,1094.445,,27563.87965,,27563.87965,28776.2252
2024-25,505,TELANGANA,Rangareddy,0,50532.72,0,50532.72,,4195.23039,,4195.23039,,1167.2135,,1167.2135,,29035.99299,,29035.99299,34398.43688
2024-25,506,TELANGANA,Sangareddy,3164.63,32373.34,0,35537.97,6.519568,1826.391416,,1832.910984,0,1499.46,,1499.46,152.6,13875.45,,14028.05,17360.42098
2024-25,507,TELANGANA,Siddipet,0,49695.51,0,49695.51,,1187.434992,,1187.434992,,1015.405,,1015.405,,31965.4001,,31965.4001,34168.24009
2024-25,508,TELANGANA,Suryapet,77987.1,25284.19,0,103271.29,1329.4935,1064.826,,2394.3195,1002.93,191.4,,1194.33,13322.267,14063.282,,27385.549,30974.1985
2024-25,509,TELANGANA,Vikarabad,0,32751,0,32751,,590.66,,590.66,,156.6,,156.6,,19118.3525,,19118.3525,19865.6125
2024-25,510,TELANGANA,Wanaparthy,24845.48,39303.82,0,64149.3,139.4618971,360.41523,,499.8771271,174.8375,333.35,,508.1875,5152.05,22197.37,,27349.42,28357.48463
2024-25,511,TELANGANA,Warangal,47595.1,3007.4,0,50602.5,780.2541301,127.2147942,,907.4689243,1015.6752,271.32408,,1286.99928,24927.14729,2277.828038,,27204.97533,29399.44353
2024-25,512,TELANGANA,Yadadri Bhuvanagiri,22153.65,46983.77,0,69137.42,26.604,2676.184,,2702.788,690.68,3768.042,,4458.722,8469.77,32496.985,,40966.755,48128.265
2024-25,513,TRIPURA,DHALAI,0,18379.79,0,18379.79,,972.39285,,972.39285,,0.147,,0.147,,378.43,,378.43,1350.96985
2024-25,514,TRIPURA,GOMATI,0,22197.08,0,22197.08,,915.460515,,915.460515,,0.6,,0.6,,387.33,,387.33,1303.390515
2024-25,515,TRIPURA,KHOWAI,0,11160.92,0,11160.92,,667.796481,,667.796481,,24.31,,24.31,,133.17,,133.17,825.276481
2024-25,516,TRIPURA,NORTH TRIPURA,0,9047.45,0,9047.45,,1020.000384,,1020.000384,,11.26885,,11.26885,,72.25,,72.25,1103.519234
2024-25,517,TRIPURA,SEPAHIJALA,0,17980.61,0,17980.61,,1037.853702,,1037.853702,,4.2413275,,4.2413275,,578.57,,578.57,1620.66503
2024-25,518,TRIPURA,SOUTH TRIPURA,0,22036.47,0,22036.47,,967.83984,,967.83984,,5.5396,,5.5396,,1318.6,,1318.6,2291.97944
2024-25,519,TRIPURA,UNAKOTI,0,8224.49,0,8224.49,,680.091579,,680.091579,,7.878739995,,7.878739995,,166.25,,166.25,854.220319
2024-25,520,TRIPURA,WEST TRIPURA,0,15144.27,0,15144.27,,2266.427277,,2266.427277,,212.816,,212.816,,668.34,,668.34,3147.583277
2024-25,521,UTTARAKHAND,DEHRADUN,51009.32,0,0,51009.32,8006.939814,,,8006.939814,712.0701869,,,712.0701869,11711.99,,,11711.99,20431
2024-25,522,UTTARAKHAND,HARIDWAR,43422.85,0,0,43422.85,2549.595315,,,2549.595315,3592.128448,,,3592.128448,22359.84,,,22359.84,28501.56376
2024-25,523,UTTARAKHAND,NAINITAL,26011.24,0,0,26011.24,4004.010442,,,4004.010442,2041.08,,,2041.08,8060.14,,,8060.14,14105.23044
2024-25,524,UTTARAKHAND,UDHAMSINGH NAGAR,74756.36,0,0,74756.36,3227.2071,,,3227.2071,6612.585,,,6612.585,32366.87,,,32366.87,42206.6621
2024-25,525,WEST BENGAL,ALIPURDUAR,0,116176.02,0,116176.02,,3451.185522,,3451.185522,,163.886,,163.886,,9366.1,,9366.1,12981.17152
2024-25,526,WEST BENGAL,BANKURA,61139.02,85897.69,0,147036.71,2542.852362,6256.53435,,8799.386712,32.34,371.07,,403.41,14647.1,35587.4,,50234.5,59437.29671
2024-25,527,WEST BENGAL,BIRBHUM,94694.84,8399.08,0,103093.92,7072.949706,1560.495888,,8633.445594,95.9123601,1228.9496,,1324.86196,24022.2,479.3,,24501.5,34459.80755
2024-25,528,WEST BENGAL,DAKSHIN DINAJPUR,0,102169.85,0,102169.85,,3962.139678,,3962.139678,,184.38,,184.38,,58067.8,,58067.8,62214.31968
2024-25,529,WEST BENGAL,DARJILING,1944.27,36182.54,0,38126.81,19.547064,538.7298165,,558.2768805,0,632.49,,632.49,0,2132.7,,2132.7,3323.466881
2024-25,530,WEST BENGAL,HAORA,4834.29,16355.93,0,21190.22,57.94521,2643.898962,0,2701.844172,0,381.4887968,0,381.4887968,0,1248,0,1248,4331.332969
2024-25,531,WEST BENGAL,HUGLI,69071.67,47334.81,0,116406.48,4738.915596,5850.410567,,10589.32616,557.9534727,1429.94189,,1987.895362,24475.9,25700.2,,50176.1,62753.32152
2024-25,532,WEST BENGAL,JALPAIGURI,9296.47,160244.04,0,169540.51,166.09617,6369.099474,,6535.195644,0,1108.29,,1108.29,0,12700.5,,12700.5,20343.98564
2024-25,533,WEST BENGAL,JHARGRAM,53135.13,41019.27,0,94154.4,1470.158388,1381.107732,,2851.26612,322.65,3.06,,325.71,9565.9,10863.7,,20429.6,23606.57612
2024-25,534,WEST BENGAL,KALIMPONG,0,3604.32,0,3604.32,,62.506323,,62.506323,,2.46,,2.46,,0,,0,64.966323
2024-25,535,WEST BENGAL,KOCH BIHAR,0,186481.62,0,186481.62,,7044.199824,,7044.199824,,101.64,,101.64,,79018.8,,79018.8,86164.63982
2024-25,536,WEST BENGAL,KOLKATTA,0,0,0,0,,,0,0,,,0,0,,,0,0,0
2024-25,537,WEST BENGAL,MALDA,0,106801.68,0,106801.68,,8030.71905,,8030.71905,,331.26,,331.26,,27805.5,,27805.5,36167.47905
2024-25,538,WEST BENGAL,MURSHIDABAD,61829.12,119139.97,0,180969.09,3544.953,10797.67411,,14342.62711,117.4815,286.6706892,,404.1521892,26503.2,64401.6,,90904.8,105651.5793
2024-25,539,WEST BENGAL,NADIA,0,176494.48,0,176494.48,,8760.77088,,8760.77088,,477.111,,477.111,,135236,,135236,144473.8819
2024-25,540,WEST BENGAL,NORTH 24 PARGANAS,0,138984.52,0,138984.52,,11939.54438,0,11939.54438,,2197.176882,0,2197.176882,,83556.2,0,83556.2,97692.92126
2024-25,541,WEST BENGAL,PASCHIM BARDDHAMAN,1038.78,20917.21,0,21955.99,35.90943,4964.897316,,5000.806746,0,2861.38,,2861.38,0,2602.84,,2602.84,10465.02675
2024-25,542,WEST BENGAL,PASCHIM MEDINIPUR,46307.47,172025.19,0,218332.66,2268.582894,9725.196072,,11993.77897,856.2,403.53,,1259.73,12330.3,90856.1,,103186.4,116439.909
2024-25,543,WEST BENGAL,PURBA BARDDHAMAN,151021.22,32590.98,0,183612.2,8502.466512,2975.028276,,11477.49479,608.2692273,239.1146667,,847.3838939,63497,20443.2,,83940.2,96265.07868
2024-25,544,WEST BENGAL,PURBA MEDINIPUR,0,60362.23,0,60362.23,,4896.90351,0,4896.90351,,20.718,0,20.718,,17103.2,0,17103.2,22020.82151
2024-25,545,WEST BENGAL,PURULIYA,0,53142.82,0,53142.82,,7316.823288,,7316.823288,,139.38,,139.38,,2001.2,,2001.2,9457.403288
2024-25,546,WEST BENGAL,SOUTH 24 PARGANAS,0,0,0,0,,,0,0,,,0,0,,,0,0,0
2024-25,547,WEST BENGAL,UTTAR DINAJPUR,5117.25,105903.83,0,111021.08,469.36956,7807.545348,,8276.914908,0,307.59,,307.59,0,43425.1,,43425.1,52009.60491
